"주제코드","주제명","대분류코드","중분류코드","중분류명","총괄주제명","유효여부","매핑여부"
"A0000","경제일반","A","A00",,"경제일반A","Y","N"
"A0100","일반경제정책","A","A01","경제종합                      ",,"Y","N"
"A0101","일반경제정책","A","A01","경제종합                      ","경제일반A","Y","Y"
"A0102","기타일반경제(경제이론,체제)","A","A01","경제종합                      ","경제일반A","Y","Y"
"A0200","경제현황 및 전망","A","A02","경제일반관련법안              ",,"Y","N"
"A0201","경제현황","A","A02","경제일반관련법안              ","경제일반A","Y","Y"
"A0202","경기변동 및 경제전망","A","A02","경제일반관련법안              ","경제동향A","Y","Y"
"A0203","경제계획 및 경제개발","A","A02","경제일반관련법안              ","경제일반A","Y","Y"
"A0204","경제동향종합","A","A02","경제일반관련법안              ","경제동향A","Y","Y"
"A0300","국민소득 및 분배","A","A03","경제체제                      ",,"Y","N"
"A0301","국민소득","A","A03","경제체제                      ","경제일반A","Y","N"
"A0302","소득분배","A","A03","경제체제                      ","복지A","Y","N"
"A0303","기타소득종합","A","A03","경제체제                      ","경제일반A","Y","N"
"A0400","물가 및 공공요금","A","A04","경제동향                      ",,"Y","N"
"A0401","소비자물가","A","A04","경제동향                      ","경제일반A","Y","Y"
"A0402","생산자물가","A","A04","경제동향                      ","경제일반A","Y","Y"
"A0403","공공요금","A","A04","경제동향                      ","경제일반A","Y","Y"
"A0404","기타물가종합","A","A04","경제동향                      ","경제일반A","Y","Y"
"A0500","소비자경제","A","A05","경제개발                      ",,"Y","N"
"A0501","가계소비,소비자주권","A","A05","경제개발                      ","경제일반A","Y","Y"
"A0502","가계소득","A","A05","경제개발                      ","경제일반A","Y","Y"
"A0503","가계저축,대출","A","A05","경제개발                      ","금융A","Y","Y"
"A0504","기타생활경제","A","A05","경제개발                      ","경제일반A","Y","Y"
"A0600","법안.통계 및 참고","A","A06","지방경제                      ",,"Y","N"
"A0601","일반경제통계","A","A06","지방경제                      ","통계A","Y","N"
"A0602","경제관련법안","A","A06","지방경제                      ","제도경제A","Y","N"
"A0603","경제참고자료","A","A06","지방경제                      ","경제일반A","Y","Y"
"B0000","금융 및 통화","B","B00",,"금융A","Y","N"
"B0100","금융.통화 일반","B","B01","재정조세종합                  ",,"Y","N"
"B0101","금융통화일반","B","B01","재정조세종합                  ","금융A","Y","Y"
"B0102","정책금융(무역금융, 수출산업설비금융 등)","B","B01","재정조세종합                  ","금융A","Y","Y"
"B0103","정책지원금융(중소기업구조개선자금,주택자금 등)","B","B01","재정조세종합                  ","금융A","Y","Y"
"B0200","금융시장","B","B02","재정조세관련법안              ",,"Y","N"
"B0201","단기금융시장","B","B02","재정조세관련법안              ","금융A","Y","Y"
"B0202","선물시장","B","B02","재정조세관련법안              ","금융A","Y","Y"
"B0203","기타금융시장","B","B02","재정조세관련법안              ","금융A","Y","Y"
"B0300","금융기관","B","B03","예산                          ",,"Y","N"
"B0301","은행","B","B03","예산                          ","금융A","Y","Y"
"B0302","비은행금융기관","B","B03","예산                          ","금융A","Y","Y"
"B0303","금융기관종합","B","B03","예산                          ","금융A","Y","Y"
"B0400","통화","B","B04","지방재정                      ",,"Y","N"
"B0401","통화일반","B","B04","지방재정                      ","금융A","Y","Y"
"B0402","통화관리","B","B04","지방재정                      ","금융A","Y","Y"
"B0500","금리","B","B05","관세                          ",,"Y","N"
"B0501","금리일반","B","B05","관세                          ","금융A","Y","Y"
"B0600","국제금융","B","B06","국세                          ",,"Y","N"
"B0601","외환.환율","B","B06","국세                          ","국제금융A","Y","Y"
"B0602","금융시장개방","B","B06","국세                          ","국제금융A","Y","Y"
"B0603","자본시장개방","B","B06","국세                          ","국제금융A","Y","Y"
"B0604","외채,외자조달","B","B06","국세                          ","국제금융A","Y","Y"
"B0605","기타국제금융","B","B06","국세                          ","국제금융A","Y","Y"
"B0700","증권","B","B07","지방세                        ",,"Y","N"
"B0701","증권시장","B","B07","지방세                        ","금융A","Y","Y"
"B0702","증권기관","B","B07","지방세                        ","금융A","Y","Y"
"B0703","증권일반","B","B07","지방세                        ","금융A","Y","Y"
"B0800","보험","B","B08","세무행정                      ",,"Y","N"
"B0801","보험기관","B","B08","세무행정                      ","금융A","Y","Y"
"B0802","보험관련종합","B","B08","세무행정                      ","금융A","Y","Y"
"B0900","법안.통계 및 참고","B","B09","부동산                        ",,"Y","N"
"B0901","금융관련통계","B","B09","부동산                        ","통계A","Y","N"
"B0902","금융관련법안","B","B09","부동산                        ","제도경제A","Y","N"
"B0903","금융참고자료","B","B09","부동산                        ","금융A","Y","Y"
"C0000","재정.조세","C","C00",,"재정조세A","Y","N"
"C0100","재정일반","C","C01","금융통화종합                  ",,"Y","N"
"C0101","재정일반","C","C01","금융통화종합                  ","재정조세A","Y","Y"
"C0102","국가재산(국부관련)","C","C01","금융통화종합                  ","재정조세A","Y","Y"
"C0200","예산.결산","C","C02","금융통화관련법안              ",,"Y","N"
"C0201","재정지출","C","C02","금융통화관련법안              ","재정조세A","Y","Y"
"C0202","예산","C","C02","금융통화관련법안              ","재정조세A","Y","Y"
"C0203","투자","C","C02","금융통화관련법안              ","재정조세A","Y","Y"
"C0204","결산","C","C02","금융통화관련법안              ","재정조세A","Y","Y"
"C0205","기타예.결산종합","C","C02","금융통화관련법안              ","재정조세A","Y","Y"
"C0300","조세","C","C03","통화                          ",,"Y","N"
"C0301","국세","C","C03","통화                          ","재정조세A","Y","Y"
"C0302","지방세","C","C03","통화                          ","재정조세A","Y","Y"
"C0303","관세","C","C03","통화                          ","재정조세A","Y","Y"
"C0304","국제조세","C","C03","통화                          ","재정조세A","Y","Y"
"C0305","조세일반","C","C03","통화                          ","재정조세A","Y","Y"
"C0400","세무행정","C","C04","국제금융통화                  ",,"Y","N"
"C0401","세무행정","C","C04","국제금융통화                  ","재정조세A","Y","Y"
"C0402","세무조사","C","C04","국제금융통화                  ","재정조세A","Y","Y"
"C0403","세제지원","C","C04","국제금융통화                  ","재정조세A","Y","Y"
"C0404","기타세무일반","C","C04","국제금융통화                  ","재정조세A","Y","Y"
"C0500","지방재정","C","C05","외환                          ",,"Y","N"
"C0501","지방재정","C","C05","외환                          ","재정조세A","Y","Y"
"C0600","법안.통계 및 참고","C","C06","금융기관                      ",,"Y","N"
"C0601","재정조세관련통계","C","C06","금융기관                      ","통계A","Y","N"
"C0602","재정조세관련법안","C","C06","금융기관                      ","제도경제A","Y","Y"
"C0602","재정조세관련법안","C","C06","금융기관                      ","재정조세A","Y","Y"
"C0603","재정조세참고자료","C","C06","금융기관                      ",,"Y","N"
"D0000","산업.무역","D","D00",,,"Y","N"
"D0100","기업일반","D","D01","농림수산종합                  ",,"Y","N"
"D0101","기업정책","D","D01","농림수산종합                  ","기업경영A","Y","Y"
"D0102","기업동향","D","D01","농림수산종합                  ","기업경영A","Y","Y"
"D0103","기타기업일반","D","D01","농림수산종합                  ","기업경영A","Y","Y"
"D0200","대기업","D","D02","농림수산관련법안              ",,"Y","N"
"D0201","대기업","D","D02","농림수산관련법안              ","기업경영A","Y","Y"
"D0202","경제력집중","D","D02","농림수산관련법안              ","제도경제A","Y","Y"
"D0203","대기업참고","D","D02","농림수산관련법안              ","기업경영A","Y","Y"
"D0203","대기업참고","D","D02","농림수산관련법안              ","기업경영A","Y","Y"
"D0300","중소기업","D","D03","농지                          ",,"Y","N"
"D0301","중소기업","D","D03","농지                          ","기업경영A","Y","Y"
"D0301","중소기업","D","D03","농지                          ","기업경영A","Y","Y"
"D0302","중소기업지원","D","D03","농지                          ","기업경영A","Y","Y"
"D0302","중소기업지원","D","D03","농지                          ","기업경영A","Y","Y"
"D0303","중소기업참고","D","D03","농지                          ","기업경영A","Y","Y"
"D0303","중소기업참고","D","D03","농지                          ","기업경영A","Y","Y"
"D0400","일반산업정책","D","D04","농업                          ",,"Y","N"
"D0401","산업일반","D","D04","농업                          ","산업A","Y","Y"
"D0402","기초공업","D","D04","농업                          ","산업A","Y","Y"
"D0403","기계공업","D","D04","농업                          ","산업A","Y","Y"
"D0404","전자.전기공업","D","D04","농업                          ","산업A","Y","Y"
"D0405","섬유.생활공업","D","D04","농업                          ","산업A","Y","Y"
"D0406","식품공업","D","D04","농업                          ","산업A","Y","Y"
"D0407","서비스산업","D","D04","농업                          ","산업A","Y","Y"
"D0408","기타산업관련","D","D04","농업                          ","산업A","Y","Y"
"D0500","공기업","D","D05","축산업                        ",,"Y","N"
"D0501","정부기업","D","D05","축산업                        ","재정조세A","Y","Y"
"D0502","정부투자기관","D","D05","축산업                        ","재정조세A","Y","Y"
"D0503","공기업일반","D","D05","축산업                        ","기업경영A","Y","Y"
"D0600","공정거래","D","D06","수산업                        ",,"Y","N"
"D0601","공정정책","D","D06","수산업                        ","제도경제A","Y","Y"
"D0602","독과점","D","D06","수산업                        ","제도경제A","Y","Y"
"D0603","규제(완화, 철폐 등)","D","D06","수산업                        ","제도경제A","Y","Y"
"D0604","경쟁","D","D06","수산업                        ","제도경제A","Y","Y"
"D0605","산업피해","D","D06","수산업                        ","제도경제A","Y","Y"
"D0606","소비자보호","D","D06","수산업                        ","제도경제A","Y","Y"
"D0607","공정거래일반","D","D06","수산업                        ","제도경제A","Y","Y"
"D0700","무역일반","D","D07","임업                          ",,"Y","N"
"D0701","무역일반","D","D07","임업                          ","무역A","Y","Y"
"D0702","수출","D","D07","임업                          ","무역A","Y","Y"
"D0703","수입","D","D07","임업                          ","무역A","Y","Y"
"D0704","기타무역관련","D","D07","임업                          ","무역A","Y","Y"
"D0800","국제수지","D","D08","농림수산참고자료              ",,"Y","N"
"D0801","국제수지","D","D08","농림수산참고자료              ","무역A","Y","Y"
"D0900","통상","D","D09",,,"Y","N"
"D0901","통상","D","D09",,"무역A","Y","Y"
"D0902","경제협력","D","D09",,"무역A","Y","Y"
"D0903","국제계약","D","D09",,"무역A","Y","Y"
"D0904","통상참고","D","D09",,"무역A","Y","Y"
"D1000","시장개방","D","D10",,,"Y","N"
"D1001","국내시장개방","D","D10",,"무역A","Y","Y"
"D1002","외국인투자","D","D10",,"무역A","Y","Y"
"D1003","해외시장","D","D10",,"무역A","Y","Y"
"D1004","해외투자","D","D10",,"무역A","Y","Y"
"D1005","정부조달시장","D","D10",,"무역A","Y","N"
"D1006","시장개방종합","D","D10",,"무역A","Y","Y"
"D1100","법안.통계 및 참고","D","D11",,,"Y","N"
"D1101","산업무역통계","D","D11",,"통계A","Y","N"
"D1102","산업무역법안","D","D11",,"제도경제A","Y","N"
"D1103","산업참고자료","D","D11",,"산업A","Y","Y"
"D1104","무역참고자료","D","D11",,"무역A","Y","Y"
"E0000","농림.수산","E","E00",,,"Y","N"
"E0100","농림수산일반","E","E01","무역종합                      ",,"Y","N"
"E0101","농림수산일반","E","E01","무역종합                      ","농림수산A","Y","Y"
"E0200","농업","E","E02","무역관련법안                  ",,"Y","N"
"E0201","농업","E","E02","무역관련법안                  ","농림수산A","Y","Y"
"E0202","농업참고","E","E02","무역관련법안                  ","농림수산A","Y","Y"
"E0300","축산업","E","E03","통상                          ",,"Y","N"
"E0301","축산업","E","E03","통상                          ","농림수산A","Y","Y"
"E0302","축산업참고","E","E03","통상                          ","농림수산A","Y","Y"
"E0400","임업","E","E04","국제수지                      ",,"Y","N"
"E0401","임업","E","E04","국제수지                      ","농림수산A","Y","Y"
"E0402","임업참고","E","E04","국제수지                      ","농림수산A","Y","Y"
"E0500","수산업","E","E05","수출입                        ",,"Y","N"
"E0501","수산업","E","E05","수출입                        ","농림수산A","Y","Y"
"E0502","수산업참고","E","E05","수출입                        ","농림수산A","Y","Y"
"E0600","농어촌개발","E","E06","해외투자                      ",,"Y","N"
"E0601","농공단지","E","E06","해외투자                      ","농림수산A","Y","Y"
"E0602","농촌개발","E","E06","해외투자                      ","농림수산A","Y","Y"
"E0603","어촌개발","E","E06","해외투자                      ","농림수산A","Y","Y"
"E0604","농어촌개발종합","E","E06","해외투자                      ","농림수산A","Y","Y"
"E0700","농수산유통","E","E07","무역참고자료                  ",,"Y","N"
"E0701","농산물유통","E","E07","무역참고자료                  ","농림수산A","Y","Y"
"E0702","축산물유통","E","E07","무역참고자료                  ","농림수산A","Y","Y"
"E0703","수산물유통","E","E07","무역참고자료                  ","농림수산A","Y","Y"
"E0704","농수산유통종합","E","E07","무역참고자료                  ","농림수산A","Y","Y"
"E0800","법안.통계 및 참고","E","E08",,,"Y","N"
"E0801","농림수산통계자료","E","E08",,"통계A","Y","N"
"E0802","농림수산관련법안","E","E08",,"제도경제A","Y","N"
"E0803","농림수산참고자료","E","E08",,"농림수산A","Y","Y"
"F0000","자원(에너지)","F","F00",,"자원A","Y","N"
"F0100","에너지일반","F","F01","산업종합                      ",,"Y","N"
"F0101","에너지일반","F","F01","산업종합                      ","자원A","Y","Y"
"F0200","석탄","F","F02","산업관련법안                  ",,"Y","N"
"F0201","석탄","F","F02","산업관련법안                  ","자원A","Y","Y"
"F0202","석탄참고","F","F02","산업관련법안                  ","자원A","Y","Y"
"F0300","석유","F","F03","산업기술                      ",,"Y","N"
"F0301","석유","F","F03","산업기술                      ","자원A","Y","Y"
"F0302","석유참고","F","F03","산업기술                      ","자원A","Y","Y"
"F0400","가스","F","F04","기업일반                      ",,"Y","N"
"F0401","천연가스(LNG)","F","F04","기업일반                      ","자원A","Y","Y"
"F0402","프로판가스(LPG)","F","F04","기업일반                      ","자원A","Y","Y"
"F0403","가스일반","F","F04","기업일반                      ","자원A","Y","Y"
"F0500","전력","F","F05","공기업                        ",,"Y","N"
"F0501","전력","F","F05","공기업                        ","자원A","Y","Y"
"F0502","전력참고","F","F05","공기업                        ","자원A","Y","Y"
"F0600","원자력","F","F06","중소기업                      ",,"Y","N"
"F0601","원자력","F","F06","중소기업                      ","자원A","Y","Y"
"F0602","원자력참고","F","F06","중소기업                      ","자원A","Y","Y"
"F0700","기타에너지자원","F","F07","기초공업                      ",,"Y","N"
"F0701","해양자원","F","F07","기초공업                      ","자원A","Y","Y"
"F0702","기타자원","F","F07","기초공업                      ","자원A","Y","Y"
"F0800","법안.통계 및 참고","F","F08","기계공업                      ",,"Y","N"
"F0801","에너지통계","F","F08","기계공업                      ","통계A","Y","N"
"F0802","에너지관련법안","F","F08","기계공업                      ","제도경제A","Y","N"
"F0803","에너지참고자료","F","F08","기계공업                      ","자원A","Y","Y"
"G0000","과학.기술","G","G00",,"과학기술A","Y","N"
"G0100","과학.기술일반","G","G01","에너지종합                    ",,"Y","N"
"G0101","과학.기술일반","G","G01","에너지종합                    ","과학기술A","Y","Y"
"G0200","기초과학","G","G02","동력자원관련법안              ",,"Y","N"
"G0201","기초과학","G","G02","동력자원관련법안              ","과학기술A","Y","Y"
"G0300","우주과학","G","G03","석유                          ",,"Y","N"
"G0301","위성발사","G","G03","석유                          ","과학기술A","Y","Y"
"G0302","기타우주과학","G","G03","석유                          ","과학기술A","Y","Y"
"G0400","컴퓨터공학","G","G04","가스                          ",,"Y","N"
"G0401","컴퓨터","G","G04","가스                          ","정보통신A","Y","N"
"G0500","생활과학","G","G05","전력                          ",,"Y","N"
"G0501","생활과학","G","G05","전력                          ","과학기술A","Y","N"
"G0600","생명공학","G","G06","원자력                        ",,"Y","N"
"G0601","생명공학","G","G06","원자력                        ","과학기술A","Y","Y"
"G0700","천문기상","G","G07","석탄                          ",,"Y","N"
"G0701","천문기상","G","G07","석탄                          ","환경A","Y","Y"
"G0702","가뭄.홍수대책","G","G07","석탄                          ","환경A","Y","Y"
"G0800","기술개발","G","G08","기타에너지원                  ",,"Y","N"
"G0801","기술개발","G","G08","기타에너지원                  ","과학기술A","Y","Y"
"G0802","기술교류(기술협력)","G","G08","기타에너지원                  ","과학기술A","Y","Y"
"G0803","산업기술(품질표시, 품질인증  등)","G","G08","기타에너지원                  ","과학기술A","Y","Y"
"G0804","건설기술","G","G08","기타에너지원                  ","과학기술A","Y","N"
"G0805","기술종합","G","G08","기타에너지원                  ","과학기술A","Y","Y"
"G0900","지적소유권","G","G09","동력자원참고자료              ",,"Y","N"
"G0901","특허 등 공업소유권","G","G09","동력자원참고자료              ","과학기술A","Y","Y"
"G0902","기타지적소유권","G","G09","동력자원참고자료              ","과학기술A","Y","Y"
"G1000","법안.통계 및 참고","G","G10",,,"Y","N"
"G1001","과학기술관련통계","G","G10",,"통계A","Y","N"
"G1002","과학기술관련법안","G","G10",,"제도경제A","Y","N"
"G1003","과학기술참고자료","G","G10",,"과학기술A","Y","Y"
"H0000","정보통신","H","H00",,,"Y","N"
"H0100","정보통신일반","H","H01","종합국토개발                  ",,"Y","N"
"H0101","정보통신일반","H","H01","종합국토개발                  ","정보통신A","Y","Y"
"H0200","우편사업","H","H02","건설관련법안                  ",,"Y","N"
"H0201","우편사업","H","H02","건설관련법안                  ","정보통신A","Y","N"
"H0202","우편참고","H","H02","건설관련법안                  ","정보통신A","Y","N"
"H0300","전기통신","H","H03","도시계획                      ",,"Y","N"
"H0301","유선전신.전화","H","H03","도시계획                      ","정보통신A","Y","Y"
"H0302","무선전신.전화","H","H03","도시계획                      ","정보통신A","Y","Y"
"H0303","위성통신","H","H03","도시계획                      ","정보통신A","Y","Y"
"H0304","기타전기통신사업","H","H03","도시계획                      ","정보통신A","Y","Y"
"H0400","정보사업","H","H04","지역개발                      ",,"Y","N"
"H0401","정보통신","H","H04","지역개발                      ","정보통신A","Y","Y"
"H0402","컴퓨터 DB","H","H04","지역개발                      ","정보통신A","Y","Y"
"H0403","컴퓨터 소프트웨어","H","H04","지역개발                      ","정보통신A","Y","Y"
"H0404","정보사업일반","H","H04","지역개발                      ","정보통신A","Y","Y"
"H0405","정보보호","H","H04","지역개발                      ",,"Y","Y"
"H0500","전파관리","H","H05","택지개발                      ",,"Y","N"
"H0501","방송","H","H05","택지개발                      ","정보통신A","Y","Y"
"H0502","전파일반","H","H05","택지개발                      ","정보통신A","Y","Y"
"H0600","법안.통계 및 참고","H","H06","토지                          ",,"Y","N"
"H0601","정보통신통계","H","H06","토지                          ","통계A","Y","N"
"H0602","정보통신법안","H","H06","토지                          ","제도경제A","Y","N"
"H0603","정보통신참고자료","H","H06","토지                          ","정보통신A","Y","Y"
"I0000","노동","I","I00",,,"Y","N"
"I0100","노동일반","I","I01","사회종합                      ",,"Y","N"
"I0101","노동일반","I","I01","사회종합                      ","노동A","Y","Y"
"I0200","임금","I","I02","보건사회관련법안              ",,"Y","N"
"I0201","임금","I","I02","보건사회관련법안              ","노동A","Y","Y"
"I0300","노동시장(인력)","I","I03","사회보장                      ",,"Y","N"
"I0301","고용","I","I03","사회보장                      ","노동A","Y","Y"
"I0302","실업","I","I03","사회보장                      ","노동A","Y","Y"
"I0303","노동시장일반","I","I03","사회보장                      ","노동A","Y","Y"
"I0400","인력개발","I","I04","연금                          ",,"Y","N"
"I0401","직업훈련","I","I04","연금                          ","노동A","Y","Y"
"I0402","기타인력개발","I","I04","연금                          ","노동A","Y","Y"
"I0500","노사관계","I","I05","의료보험                      ",,"Y","N"
"I0501","노사관계","I","I05","의료보험                      ","노동A","Y","Y"
"I0502","노동운동","I","I05","의료보험                      ","노동A","Y","Y"
"I0503","노사일반","I","I05","의료보험                      ","노동A","Y","Y"
"I0600","산업재해","I","I06","사회복지                      ",,"Y","N"
"I0601","산업재해","I","I06","사회복지                      ","노동A","Y","Y"
"I0602","산업안전","I","I06","사회복지                      ","노동A","Y","Y"
"I0603","산재보험","I","I06","사회복지                      ","노동A","Y","Y"
"I0604","기타재해일반","I","I06","사회복지                      ","노동A","Y","Y"
"I0700","노동복지(후생)","I","I07","보건                          ",,"Y","N"
"I0701","근로자보건","I","I07","보건                          ","노동A","Y","Y"
"I0702","고용보험","I","I07","보건                          ","노동A","Y","Y"
"I0703","노동복지","I","I07","보건                          ","노동A","Y","Y"
"I0704","노동문화","I","I07","보건                          ","노동A","Y","Y"
"I0705","퇴직연금","I","I07","보건                          ",,"Y","Y"
"I0800","법안.통계 및 참고","I","I08","의료                          ",,"Y","N"
"I0801","노동관련통계","I","I08","의료                          ","통계A","Y","N"
"I0802","노동관련법안","I","I08","의료                          ","제도경제A","Y","N"
"I0803","노동참고자료","I","I08","의료                          ","노동A","Y","Y"
"J0000","사회.복지","J","J00",,"복지A","Y","N"
"J0100","사회.복지일반","J","J01","노동종합                      ",,"Y","N"
"J0101","사회복지일반","J","J01","노동종합                      ","복지A","Y","Y"
"J0200","사회보장","J","J02","노동관련법안                  ",,"Y","N"
"J0201","사회사업","J","J02","노동관련법안                  ","복지A","Y","Y"
"J0202","생활보호","J","J02","노동관련법안                  ","복지A","Y","Y"
"J0203","보훈사업","J","J02","노동관련법안                  ","복지A","Y","Y"
"J0204","장애자복지","J","J02","노동관련법안                  ","복지A","Y","Y"
"J0205","기타사회보장","J","J02","노동관련법안                  ","복지A","Y","Y"
"J0300","보건위생","J","J03","고용                          ",,"Y","N"
"J0301","보건위생","J","J03","고용                          ","보건A","Y","Y"
"J0302","식품위생","J","J03","고용                          ","보건A","Y","Y"
"J0303","위생종합","J","J03","고용                          ","보건A","Y","Y"
"J0400","의료","J","J04","인력개발                      ",,"Y","N"
"J0401","의학","J","J04","인력개발                      ","보건A","Y","Y"
"J0402","약학","J","J04","인력개발                      ","보건A","Y","Y"
"J0403","한방","J","J04","인력개발                      ","보건A","Y","Y"
"J0404","건강보험","J","J04","인력개발                      ","보건A","Y","Y"
"J0405","의료종합","J","J04","인력개발                      ","보건A","Y","Y"
"J0500","연금","J","J05","임금                          ",,"Y","N"
"J0501","국민연금","J","J05","임금                          ","복지A","Y","Y"
"J0502","농어민연금","J","J05","임금                          ","복지A","Y","Y"
"J0503","연금종합","J","J05","임금                          ","복지A","Y","Y"
"J0504","노령연금","J","J05","임금                          ",,"Y","Y"
"J0600","인구","J","J06","노사관계                      ",,"Y","N"
"J0601","출생일반","J","J06","노사관계                      ","복지A","Y","Y"
"J0602","인구","J","J06","노사관계                      ","복지A","Y","Y"
"J0603","사망일반","J","J06","노사관계                      ","복지A","Y","Y"
"J0700","교육","J","J07","산업재해                      ",,"Y","N"
"J0701","교육일반","J","J07","산업재해                      ","교육A","Y","Y"
"J0702","경제교육","J","J07","산업재해                      ","교육A","Y","N"
"J0703","고등교육(대학교)","J","J07","산업재해                      ","교육A","Y","Y"
"J0704","초등,중등교육","J","J07","산업재해                      ","교육A","Y","Y"
"J0705","유아교육","J","J07","산업재해                      ","교육A","Y","Y"
"J0706","국민의식","J","J07","산업재해                      ","복지A","Y","N"
"J0800","여성.육아","J","J08","노동참고자료                  ",,"Y","N"
"J0801","여성","J","J08","노동참고자료                  ","복지A","Y","Y"
"J0802","육아","J","J08","노동참고자료                  ","복지A","Y","Y"
"J0900","노인","J","J09",,,"Y","N"
"J0901","노인","J","J09",,"복지A","Y","Y"
"J1000","청소년","J","J10",,,"Y","N"
"J1001","청소년","J","J10",,"복지A","Y","Y"
"J1100","주택","J","J11",,,"Y","N"
"J1101","임대주택","J","J11",,"복지A","Y","Y"
"J1102","주생활일반","J","J11",,"복지A","Y","Y"
"J1200","문화","J","J12",,,"Y","N"
"J1201","생활문화","J","J12",,"복지A","Y","N"
"J1202","전통.관습","J","J12",,"복지A","Y","N"
"J1203","문화사업","J","J12",,"복지A","Y","N"
"J1204","다문화","J","J12",,"복지A","Y","N"
"J1300","법안.통계 및 참고","J","J13",,,"Y","N"
"J1301","사회복지관련통계","J","J13",,"통계A","Y","N"
"J1302","사회복지관련법안","J","J13",,"제도경제A","Y","N"
"J1303","기타사회복지참고","J","J13",,"복지A","Y","Y"
"K0000","환경","K","K00",,"환경A","Y","N"
"K0100","환경정책일반","K","K01","교통종합                      ",,"Y","N"
"K0101","환경정책일반","K","K01","교통종합                      ","환경A","Y","Y"
"K0200","환경공해","K","K02","교통관련법안                  ",,"Y","N"
"K0201","대기오염","K","K02","교통관련법안                  ","환경A","Y","Y"
"K0202","수질오염(해양오염 포함)","K","K02","교통관련법안                  ","환경A","Y","Y"
"K0203","토양오염","K","K02","교통관련법안                  ","환경A","Y","N"
"K0204","폐기물","K","K02","교통관련법안                  ","환경A","Y","Y"
"K0205","소음공해","K","K02","교통관련법안                  ","환경A","Y","N"
"K0206","공해일반","K","K02","교통관련법안                  ","환경A","Y","Y"
"K0207","기후변화","K","K02","교통관련법안                  ","환경A","Y","Y"
"K0300","재활용","K","K03","관광                          ",,"Y","N"
"K0301","재활용","K","K03","관광                          ","환경A","Y","Y"
"K0400","환경기술","K","K04","도로운송                      ",,"Y","N"
"K0401","환경기술","K","K04","도로운송                      ","환경A","Y","Y"
"K0500","자연보호","K","K05","지하철                        ",,"Y","N"
"K0501","환경보호","K","K05","지하철                        ","환경A","Y","Y"
"K0502","유해물질규제","K","K05","지하철                        ","환경A","Y","Y"
"K0503","수질관리 및 보호(음용수 포함)","K","K05","지하철                        ","환경A","Y","Y"
"K0600","법안.통계 및 참고","K","K06","철도                          ",,"Y","N"
"K0601","환경통계자료","K","K06","철도                          ","통계A","Y","N"
"K0602","환경관련법안","K","K06","철도                          ","제도경제A","Y","N"
"K0603","환경참고자료","K","K06","철도                          ","환경A","Y","Y"
"L0000","운수.교통","L","L00",,,"Y","N"
"L0100","운송","L","L01","체신종합                      ",,"Y","N"
"L0101","육상운송교통(도로, 철도 등)","L","L01","체신종합                      ","교통A","Y","Y"
"L0102","해상운송교통","L","L01","체신종합                      ","교통A","Y","Y"
"L0103","항공운송교통","L","L01","체신종합                      ","교통A","Y","Y"
"L0104","운송.물류(비용관련 포함)","L","L01","체신종합                      ","교통A","Y","Y"
"L0105","일반교통종합","L","L01","체신종합                      ","교통A","Y","Y"
"L0200","교통수단","L","L02","체신관련법안                  ",,"Y","N"
"L0201","육상운송수단(자동차,지하철,기차 등)","L","L02","체신관련법안                  ","교통A","Y","Y"
"L0202","해상운송수단(선박 등)","L","L02","체신관련법안                  ","교통A","Y","Y"
"L0203","항공운송수단(비행기 등)","L","L02","체신관련법안                  ","교통A","Y","Y"
"L0204","교통수단종합","L","L02","체신관련법안                  ","교통A","Y","Y"
"L0300","관광","L","L03","정보통신                      ",,"Y","N"
"L0301","관광","L","L03","정보통신                      ","교통A","Y","N"
"L0400","법안.통계 및 참고","L","L04","전기통신                      ",,"Y","N"
"L0401","교통관련통계","L","L04","전기통신                      ","통계A","Y","N"
"L0402","교통관련법안","L","L04","전기통신                      ","제도경제A","Y","N"
"L0403","교통참고자료","L","L04","전기통신                      ","교통A","Y","Y"
"M0000","국토개발","M","M00",,,"Y","N"
"M0100","토목.건설일반","M","M01","과학기술종합                  ",,"Y","N"
"M0101","토목.건설 일반","M","M01","과학기술종합                  ","건설A","Y","Y"
"M0200","국토계획","M","M02","과학기술관련법안              ",,"Y","N"
"M0201","국토종합계획","M","M02","과학기술관련법안              ","건설A","Y","Y"
"M0202","국토계획참고","M","M02","과학기술관련법안              ","건설A","Y","Y"
"M0300","도시개발","M","M03","기술개발                      ",,"Y","N"
"M0301","도시계획","M","M03","기술개발                      ","건설A","Y","Y"
"M0302","택지개발","M","M03","기술개발                      ","건설A","Y","Y"
"M0303","기타도시개발","M","M03","기술개발                      ","건설A","Y","Y"
"M0400","지역개발","M","M04","기술협력                      ",,"Y","N"
"M0401","서울.경기지역(광역시포함)","M","M04","기술협력                      ","건설A","Y","Y"
"M0402","강원.충청지역(광역시포함)","M","M04","기술협력                      ","건설A","Y","Y"
"M0403","경상.제주지역(광역시포함)","M","M04","기술협력                      ","건설A","Y","Y"
"M0404","전라지역(광역시포함)","M","M04","기술협력                      ","건설A","Y","Y"
"M0405","지역개발일반","M","M04","기술협력                      ","건설A","Y","Y"
"M0500","주택 및 토지","M","M05","기초과학                      ",,"Y","N"
"M0501","주택.상가","M","M05","기초과학                      ","건설A","Y","Y"
"M0502","토지","M","M05","기초과학                      ","건설A","Y","Y"
"M0503","주거관련건설","M","M05","기초과학                      ","건설A","Y","Y"
"M0600","사회간접자본(SOC)","M","M06","컴퓨터                        ",,"Y","N"
"M0601","도로","M","M06","컴퓨터                        ","건설A","Y","Y"
"M0602","항만","M","M06","컴퓨터                        ","건설A","Y","Y"
"M0603","철도","M","M06","컴퓨터                        ","건설A","Y","Y"
"M0604","상하수도건설","M","M06","컴퓨터                        ","건설A","Y","Y"
"M0605","전력건설","M","M06","컴퓨터                        ","건설A","Y","Y"
"M0606","기타사회간접자본","M","M06","컴퓨터                        ","건설A","Y","Y"
"M0700","법안.통계 및 참고","M","M07","천문기상                      ",,"Y","N"
"M0701","건설관련통계","M","M07","천문기상                      ","통계A","Y","N"
"M0702","건설관련법안","M","M07","천문기상                      ","제도경제A","Y","N"
"M0703","건설참고자료","M","M07","천문기상                      ","건설A","Y","Y"
"N0000","지역경제","N","N00",,"국내지역A","Y","N"
"N0100","지역경제일반","N","N01","환경종합                      ",,"Y","N"
"N0101","지역경제일반","N","N01","환경종합                      ","국내지역A","Y","Y"
"N0200","지역별 정책자료","N","N02","환경관련법안                  ",,"Y","N"
"N0201","서울특별시,제주도","N","N02","환경관련법안                  ","국내지역A","Y","Y"
"N0202","광역시","N","N02","환경관련법안                  ","국내지역A","Y","Y"
"N0203","강원도,경기도","N","N02","환경관련법안                  ","국내지역A","Y","Y"
"N0204","충청남북도","N","N02","환경관련법안                  ","국내지역A","Y","Y"
"N0205","경상남북도","N","N02","환경관련법안                  ","국내지역A","Y","Y"
"N0206","전라남북도","N","N02","환경관련법안                  ","국내지역A","Y","Y"
"N0207","복합지역자료","N","N02","환경관련법안                  ","국내지역A","Y","Y"
"N0300","법안.통계 및 참고","N","N03","환경보호                      ",,"Y","N"
"N0301","지역관련통계","N","N03","환경보호                      ","통계A","Y","N"
"N0302","지역경제관련법안","N","N03","환경보호                      ","제도경제A","Y","N"
"N0303","지역경제참고자료","N","N03","환경보호                      ","국내지역A","Y","Y"
"O0000","북한경제","O","O00",,"북한A","Y","N"
"O0100","남북경협","O","O01","경제일반통계                  ",,"Y","N"
"O0101","남북경협","O","O01","경제일반통계                  ","북한A","Y","Y"
"O0200","북한경제사회","O","O02","재무통계                      ",,"Y","N"
"O0201","북한경제","O","O02","재무통계                      ","북한A","Y","Y"
"O0202","북한일반","O","O02","재무통계                      ","북한A","Y","Y"
"O0300","법안.통계 및 참고","O","O03","농림수산통계                  ",,"Y","N"
"O0301","북한관련통계","O","O03","농림수산통계                  ","북한A","Y","N"
"O0302","북한관련법안","O","O03","농림수산통계                  ","북한A","Y","N"
"O0303","북한참고자료","O","O03","농림수산통계                  ","북한A","Y","Y"
"P0000","세계경제","P","P00","북한경제                      ",,"Y","N"
"P0100","세계경제일반","P","P01",,,"Y","N"
"P0101","세계경제일반","P","P01",,"세계경제일반A","Y","Y"
"P0200","국제경제기구","P","P02",,,"Y","N"
"P0201","세계무역기구(WTO)","P","P02",,"국제기구A","Y","Y"
"P0202","유럽연합(EU)","P","P02",,"국제기구A","Y","Y"
"P0203","경제협력개발기구(OECD)","P","P02",,"국제기구A","Y","Y"
"P0204","아시아.유럽 정상회의(ASEM)","P","P02",,"국제기구A","Y","Y"
"P0205","기타경제기구","P","P02",,"국제기구A","Y","Y"
"P0300","국별자료","P","P03",,,"Y","N"
"P0301","미국","P","P03",,"미국미주A","Y","Y"
"P0302","일본","P","P03",,"아시아A","Y","Y"
"P0303","중국","P","P03",,"아시아A","Y","Y"
"P0304","독립국가연합","P","P03",,"유럽A","Y","Y"
"P0305","유럽(동구권 포함)","P","P03",,"유럽A","Y","Y"
"P0306","동남아시아","P","P03",,"아시아A","Y","Y"
"P0307","기타아시아","P","P03",,"아시아A","Y","Y"
"P0308","중남미제국","P","P03",,"미국미주A","Y","Y"
"P0309","기타국","P","P03",,"세계경제일반A","Y","Y"
"P0400","세계통계자료","P","P04",,,"Y","N"
"P0401","세계통계","P","P04",,"통계A","Y","N"
