"주제코드","주제명","주제_대분류코드","주제_중분류코드","매핑단계","테마코드","테마명","테마_상위코드","테마_사용여부","주제코드_미존재","테마코드_미존재"
"A0101","일반경제정책","A","A01","대분류","RELT_THEM00001","거시경제/재정",,"Y","N","N"
"A0101","일반경제정책","A","A01","소분류","RELT_THEM00013","경제일반","RELT_THEM00003","Y","N","N"
"A0101","일반경제정책","A","A01","중분류","RELT_THEM00003","경제정책일반","RELT_THEM00001","Y","N","N"
"A0102","기타일반경제(경제이론,체제)","A","A01","대분류","RELT_THEM00001","거시경제/재정",,"Y","N","N"
"A0102","기타일반경제(경제이론,체제)","A","A01","소분류","RELT_THEM00013","경제일반","RELT_THEM00003","Y","N","N"
"A0102","기타일반경제(경제이론,체제)","A","A01","중분류","RELT_THEM00003","경제정책일반","RELT_THEM00001","Y","N","N"
"A0201","경제현황","A","A02","대분류","RELT_THEM00001","거시경제/재정",,"Y","N","N"
"A0201","경제현황","A","A02","소분류","RELT_THEM00013","경제일반","RELT_THEM00003","Y","N","N"
"A0201","경제현황","A","A02","중분류","RELT_THEM00003","경제정책일반","RELT_THEM00001","Y","N","N"
"A0202","경기변동 및 경제전망","A","A02","대분류","RELT_THEM00001","거시경제/재정",,"Y","N","N"
"A0202","경기변동 및 경제전망","A","A02","소분류","RELT_THEM00011","경제정책방향","RELT_THEM00003","Y","N","N"
"A0202","경기변동 및 경제전망","A","A02","중분류","RELT_THEM00003","경제정책일반","RELT_THEM00001","Y","N","N"
"A0203","경제계획 및 경제개발","A","A02","대분류","RELT_THEM00001","거시경제/재정",,"Y","N","N"
"A0203","경제계획 및 경제개발","A","A02","소분류","RELT_THEM00011","경제정책방향","RELT_THEM00003","Y","N","N"
"A0203","경제계획 및 경제개발","A","A02","중분류","RELT_THEM00003","경제정책일반","RELT_THEM00001","Y","N","N"
"A0204","경제동향종합","A","A02","대분류","RELT_THEM00001","거시경제/재정",,"Y","N","N"
"A0204","경제동향종합","A","A02","소분류","RELT_THEM00013","경제일반","RELT_THEM00003","Y","N","N"
"A0204","경제동향종합","A","A02","중분류","RELT_THEM00003","경제정책일반","RELT_THEM00001","Y","N","N"
"A0401","소비자물가","A","A04","대분류","RELT_THEM00001","거시경제/재정",,"Y","N","N"
"A0401","소비자물가","A","A04","소분류","RELT_THEM00074","가계물가","RELT_THEM00073","Y","N","N"
"A0401","소비자물가","A","A04","중분류","RELT_THEM00073","물가","RELT_THEM00001","Y","N","N"
"A0402","생산자물가","A","A04","대분류","RELT_THEM00001","거시경제/재정",,"Y","N","N"
"A0402","생산자물가","A","A04","소분류","RELT_THEM00074","가계물가","RELT_THEM00073","Y","N","N"
"A0402","생산자물가","A","A04","중분류","RELT_THEM00073","물가","RELT_THEM00001","Y","N","N"
"A0403","공공요금","A","A04","대분류","RELT_THEM00001","거시경제/재정",,"Y","N","N"
"A0403","공공요금","A","A04","소분류","RELT_THEM00074","가계물가","RELT_THEM00073","Y","N","N"
"A0403","공공요금","A","A04","중분류","RELT_THEM00073","물가","RELT_THEM00001","Y","N","N"
"A0404","기타물가종합","A","A04","대분류","RELT_THEM00001","거시경제/재정",,"Y","N","N"
"A0404","기타물가종합","A","A04","소분류","RELT_THEM00074","가계물가","RELT_THEM00073","Y","N","N"
"A0404","기타물가종합","A","A04","중분류","RELT_THEM00073","물가","RELT_THEM00001","Y","N","N"
"A0501","가계소비,소비자주권","A","A05","대분류","RELT_THEM00002","금융통화",,"Y","N","N"
"A0501","가계소비,소비자주권","A","A05","소분류","RELT_THEM00057","서민금융","RELT_THEM00038","Y","N","N"
"A0501","가계소비,소비자주권","A","A05","중분류","RELT_THEM00038","중소서민금융","RELT_THEM00002","Y","N","N"
"A0502","가계소득","A","A05","대분류","RELT_THEM00002","금융통화",,"Y","N","N"
"A0502","가계소득","A","A05","소분류","RELT_THEM00057","서민금융","RELT_THEM00038","Y","N","N"
"A0502","가계소득","A","A05","중분류","RELT_THEM00038","중소서민금융","RELT_THEM00002","Y","N","N"
"A0503","가계저축,대출","A","A05","대분류","RELT_THEM00002","금융통화",,"Y","N","N"
"A0503","가계저축,대출","A","A05","소분류","RELT_THEM00057","서민금융","RELT_THEM00038","Y","N","N"
"A0503","가계저축,대출","A","A05","중분류","RELT_THEM00038","중소서민금융","RELT_THEM00002","Y","N","N"
"A0504","기타생활경제","A","A05","대분류","RELT_THEM00002","금융통화",,"Y","N","N"
"A0504","기타생활경제","A","A05","소분류","RELT_THEM00057","서민금융","RELT_THEM00038","Y","N","N"
"A0504","기타생활경제","A","A05","중분류","RELT_THEM00038","중소서민금융","RELT_THEM00002","Y","N","N"
"A0603","경제참고자료","A","A06","대분류","RELT_THEM00001","거시경제/재정",,"Y","N","N"
"A0603","경제참고자료","A","A06","소분류","RELT_THEM00013","경제일반","RELT_THEM00003","Y","N","N"
"A0603","경제참고자료","A","A06","중분류","RELT_THEM00003","경제정책일반","RELT_THEM00001","Y","N","N"
"B0101","금융통화일반","B","B01","대분류","RELT_THEM00002","금융통화",,"Y","N","N"
"B0101","금융통화일반","B","B01","소분류","RELT_THEM00060","통화정책","RELT_THEM00039","Y","N","N"
"B0101","금융통화일반","B","B01","중분류","RELT_THEM00039","통화일반","RELT_THEM00002","Y","N","N"
"B0102","정책금융(무역금융, 수출산업설비금융 등)","B","B01","대분류","RELT_THEM00002","금융통화",,"Y","N","N"
"B0102","정책금융(무역금융, 수출산업설비금융 등)","B","B01","소분류","RELT_THEM00045","산업금융","RELT_THEM00034","Y","N","N"
"B0102","정책금융(무역금융, 수출산업설비금융 등)","B","B01","중분류","RELT_THEM00034","금융일반","RELT_THEM00002","Y","N","N"
"B0103","정책지원금융(중소기업구조개선자금,주택자금 등)","B","B01","대분류","RELT_THEM00002","금융통화",,"Y","N","N"
"B0103","정책지원금융(중소기업구조개선자금,주택자금 등)","B","B01","소분류","RELT_THEM00045","산업금융","RELT_THEM00034","Y","N","N"
"B0103","정책지원금융(중소기업구조개선자금,주택자금 등)","B","B01","중분류","RELT_THEM00034","금융일반","RELT_THEM00002","Y","N","N"
"B0201","단기금융시장","B","B02","대분류","RELT_THEM00002","금융통화",,"Y","N","N"
"B0201","단기금융시장","B","B02","소분류","RELT_THEM00045","산업금융","RELT_THEM00034","Y","N","N"
"B0201","단기금융시장","B","B02","중분류","RELT_THEM00034","금융일반","RELT_THEM00002","Y","N","N"
"B0202","선물시장","B","B02","대분류","RELT_THEM00002","금융통화",,"Y","N","N"
"B0202","선물시장","B","B02","소분류","RELT_THEM00045","산업금융","RELT_THEM00034","Y","N","N"
"B0202","선물시장","B","B02","중분류","RELT_THEM00034","금융일반","RELT_THEM00002","Y","N","N"
"B0203","기타금융시장","B","B02","대분류","RELT_THEM00002","금융통화",,"Y","N","N"
"B0203","기타금융시장","B","B02","소분류","RELT_THEM00045","산업금융","RELT_THEM00034","Y","N","N"
"B0203","기타금융시장","B","B02","중분류","RELT_THEM00034","금융일반","RELT_THEM00002","Y","N","N"
"B0301","은행","B","B03","대분류","RELT_THEM00002","금융통화",,"Y","N","N"
"B0301","은행","B","B03","소분류","RELT_THEM00050","은행업","RELT_THEM00036","Y","N","N"
"B0301","은행","B","B03","중분류","RELT_THEM00036","은행","RELT_THEM00002","Y","N","N"
"B0302","비은행금융기관","B","B03","대분류","RELT_THEM00002","금융통화",,"Y","N","N"
"B0302","비은행금융기관","B","B03","소분류","RELT_THEM00050","은행업","RELT_THEM00036","Y","N","N"
"B0302","비은행금융기관","B","B03","중분류","RELT_THEM00036","은행","RELT_THEM00002","Y","N","N"
"B0303","금융기관종합","B","B03","대분류","RELT_THEM00002","금융통화",,"Y","N","N"
"B0303","금융기관종합","B","B03","소분류","RELT_THEM00050","은행업","RELT_THEM00036","Y","N","N"
"B0303","금융기관종합","B","B03","중분류","RELT_THEM00036","은행","RELT_THEM00002","Y","N","N"
"B0401","통화일반","B","B04","대분류","RELT_THEM00002","금융통화",,"Y","N","N"
"B0401","통화일반","B","B04","소분류","RELT_THEM00060","통화정책","RELT_THEM00039","Y","N","N"
"B0401","통화일반","B","B04","중분류","RELT_THEM00039","통화일반","RELT_THEM00002","Y","N","N"
"B0402","통화관리","B","B04","대분류","RELT_THEM00002","금융통화",,"Y","N","N"
"B0402","통화관리","B","B04","소분류","RELT_THEM00060","통화정책","RELT_THEM00039","Y","N","N"
"B0402","통화관리","B","B04","중분류","RELT_THEM00039","통화일반","RELT_THEM00002","Y","N","N"
"B0501","금리일반","B","B05","대분류","RELT_THEM00002","금융통화",,"Y","N","N"
"B0501","금리일반","B","B05","소분류","RELT_THEM00060","통화정책","RELT_THEM00039","Y","N","N"
"B0501","금리일반","B","B05","중분류","RELT_THEM00039","통화일반","RELT_THEM00002","Y","N","N"
"B0601","외환.환율","B","B06","대분류","RELT_THEM00002","금융통화",,"Y","N","N"
"B0601","외환.환율","B","B06","소분류","RELT_THEM00042","외환","RELT_THEM00033","Y","N","N"
"B0601","외환.환율","B","B06","중분류","RELT_THEM00033","국제금융","RELT_THEM00002","Y","N","N"
"B0602","금융시장개방","B","B06","대분류","RELT_THEM00002","금융통화",,"Y","N","N"
"B0602","금융시장개방","B","B06","소분류","RELT_THEM00041","국제투자","RELT_THEM00033","Y","N","N"
"B0602","금융시장개방","B","B06","중분류","RELT_THEM00033","국제금융","RELT_THEM00002","Y","N","N"
"B0603","자본시장개방","B","B06","대분류","RELT_THEM00002","금융통화",,"Y","N","N"
"B0603","자본시장개방","B","B06","소분류","RELT_THEM00041","국제투자","RELT_THEM00033","Y","N","N"
"B0603","자본시장개방","B","B06","중분류","RELT_THEM00033","국제금융","RELT_THEM00002","Y","N","N"
"B0604","외채,외자조달","B","B06","대분류","RELT_THEM00002","금융통화",,"Y","N","N"
"B0604","외채,외자조달","B","B06","소분류","RELT_THEM00041","국제투자","RELT_THEM00033","Y","N","N"
"B0604","외채,외자조달","B","B06","중분류","RELT_THEM00033","국제금융","RELT_THEM00002","Y","N","N"
"B0605","기타국제금융","B","B06","대분류","RELT_THEM00002","금융통화",,"Y","N","N"
"B0605","기타국제금융","B","B06","소분류","RELT_THEM00041","국제투자","RELT_THEM00033","Y","N","N"
"B0605","기타국제금융","B","B06","중분류","RELT_THEM00033","국제금융","RELT_THEM00002","Y","N","N"
"B0701","증권시장","B","B07","대분류","RELT_THEM00002","금융통화",,"Y","N","N"
"B0701","증권시장","B","B07","소분류","RELT_THEM00055","증권일반","RELT_THEM00037","Y","N","N"
"B0701","증권시장","B","B07","중분류","RELT_THEM00037","자본시장","RELT_THEM00002","Y","N","N"
"B0702","증권기관","B","B07","대분류","RELT_THEM00002","금융통화",,"Y","N","N"
"B0702","증권기관","B","B07","소분류","RELT_THEM00055","증권일반","RELT_THEM00037","Y","N","N"
"B0702","증권기관","B","B07","중분류","RELT_THEM00037","자본시장","RELT_THEM00002","Y","N","N"
"B0703","증권일반","B","B07","대분류","RELT_THEM00002","금융통화",,"Y","N","N"
"B0703","증권일반","B","B07","소분류","RELT_THEM00055","증권일반","RELT_THEM00037","Y","N","N"
"B0703","증권일반","B","B07","중분류","RELT_THEM00037","자본시장","RELT_THEM00002","Y","N","N"
"B0801","보험기관","B","B08","대분류","RELT_THEM00002","금융통화",,"Y","N","N"
"B0801","보험기관","B","B08","소분류","RELT_THEM00046","보험제도","RELT_THEM00035","Y","N","N"
"B0801","보험기관","B","B08","중분류","RELT_THEM00035","보험","RELT_THEM00002","Y","N","N"
"B0802","보험관련종합","B","B08","대분류","RELT_THEM00002","금융통화",,"Y","N","N"
"B0802","보험관련종합","B","B08","소분류","RELT_THEM00046","보험제도","RELT_THEM00035","Y","N","N"
"B0802","보험관련종합","B","B08","중분류","RELT_THEM00035","보험","RELT_THEM00002","Y","N","N"
"B0903","금융참고자료","B","B09","대분류","RELT_THEM00002","금융통화",,"Y","N","N"
"B0903","금융참고자료","B","B09","소분류","RELT_THEM00060","통화정책","RELT_THEM00039","Y","N","N"
"B0903","금융참고자료","B","B09","중분류","RELT_THEM00039","통화일반","RELT_THEM00002","Y","N","N"
"C0101","재정일반","C","C01","대분류","RELT_THEM00001","거시경제/재정",,"Y","N","N"
"C0101","재정일반","C","C01","소분류","RELT_THEM00028","재정일반","RELT_THEM00008","Y","N","N"
"C0101","재정일반","C","C01","중분류","RELT_THEM00008","재정","RELT_THEM00001","Y","N","N"
"C0102","국가재산(국부관련)","C","C01","대분류","RELT_THEM00001","거시경제/재정",,"Y","N","N"
"C0102","국가재산(국부관련)","C","C01","소분류","RELT_THEM00016","국유재산","RELT_THEM00005","Y","N","N"
"C0102","국가재산(국부관련)","C","C01","중분류","RELT_THEM00005","국고","RELT_THEM00001","Y","N","N"
"C0201","재정지출","C","C02","대분류","RELT_THEM00001","거시경제/재정",,"Y","N","N"
"C0201","재정지출","C","C02","소분류","RELT_THEM00027","재정집행","RELT_THEM00008","Y","N","N"
"C0201","재정지출","C","C02","중분류","RELT_THEM00008","재정","RELT_THEM00001","Y","N","N"
"C0202","예산","C","C02","대분류","RELT_THEM00001","거시경제/재정",,"Y","N","N"
"C0202","예산","C","C02","소분류","RELT_THEM00023","예산&#40;안&#41;","RELT_THEM00007","Y","N","N"
"C0202","예산","C","C02","중분류","RELT_THEM00007","예산·결산","RELT_THEM00001","Y","N","N"
"C0203","투자","C","C02","대분류","RELT_THEM00001","거시경제/재정",,"Y","N","N"
"C0203","투자","C","C02","소분류","RELT_THEM00025","민간투자","RELT_THEM00008","Y","N","N"
"C0203","투자","C","C02","중분류","RELT_THEM00008","재정","RELT_THEM00001","Y","N","N"
"C0204","결산","C","C02","대분류","RELT_THEM00001","거시경제/재정",,"Y","N","N"
"C0204","결산","C","C02","소분류","RELT_THEM00021","결산","RELT_THEM00007","Y","N","N"
"C0204","결산","C","C02","중분류","RELT_THEM00007","예산·결산","RELT_THEM00001","Y","N","N"
"C0205","기타예.결산종합","C","C02","대분류","RELT_THEM00001","거시경제/재정",,"Y","N","N"
"C0205","기타예.결산종합","C","C02","소분류","RELT_THEM00022","예 · 결산제도","RELT_THEM00007","Y","N","N"
"C0205","기타예.결산종합","C","C02","중분류","RELT_THEM00007","예산·결산","RELT_THEM00001","Y","N","N"
"C0301","국세","C","C03","대분류","RELT_THEM00001","거시경제/재정",,"Y","N","N"
"C0301","국세","C","C03","소분류","RELT_THEM00030","국세","RELT_THEM00009","Y","N","N"
"C0301","국세","C","C03","중분류","RELT_THEM00009","조세","RELT_THEM00001","Y","N","N"
"C0302","지방세","C","C03","대분류","RELT_THEM00001","거시경제/재정",,"Y","N","N"
"C0302","지방세","C","C03","소분류","RELT_THEM00286","조세일반","RELT_THEM00009","Y","N","N"
"C0302","지방세","C","C03","중분류","RELT_THEM00009","조세","RELT_THEM00001","Y","N","N"
"C0303","관세","C","C03","대분류","RELT_THEM00001","거시경제/재정",,"Y","N","N"
"C0303","관세","C","C03","소분류","RELT_THEM00029","관세","RELT_THEM00009","Y","N","N"
"C0303","관세","C","C03","중분류","RELT_THEM00009","조세","RELT_THEM00001","Y","N","N"
"C0304","국제조세","C","C03","대분류","RELT_THEM00001","거시경제/재정",,"Y","N","N"
"C0304","국제조세","C","C03","소분류","RELT_THEM00286","조세일반","RELT_THEM00009","Y","N","N"
"C0304","국제조세","C","C03","중분류","RELT_THEM00009","조세","RELT_THEM00001","Y","N","N"
"C0305","조세일반","C","C03","대분류","RELT_THEM00001","거시경제/재정",,"Y","N","N"
"C0305","조세일반","C","C03","소분류","RELT_THEM00286","조세일반","RELT_THEM00009","Y","N","N"
"C0305","조세일반","C","C03","중분류","RELT_THEM00009","조세","RELT_THEM00001","Y","N","N"
"C0401","세무행정","C","C04","대분류","RELT_THEM00001","거시경제/재정",,"Y","N","N"
"C0401","세무행정","C","C04","소분류","RELT_THEM00286","조세일반","RELT_THEM00009","Y","N","N"
"C0401","세무행정","C","C04","중분류","RELT_THEM00009","조세","RELT_THEM00001","Y","N","N"
"C0402","세무조사","C","C04","대분류","RELT_THEM00001","거시경제/재정",,"Y","N","N"
"C0402","세무조사","C","C04","소분류","RELT_THEM00286","조세일반","RELT_THEM00009","Y","N","N"
"C0402","세무조사","C","C04","중분류","RELT_THEM00009","조세","RELT_THEM00001","Y","N","N"
"C0403","세제지원","C","C04","대분류","RELT_THEM00001","거시경제/재정",,"Y","N","N"
"C0403","세제지원","C","C04","소분류","RELT_THEM00286","조세일반","RELT_THEM00009","Y","N","N"
"C0403","세제지원","C","C04","중분류","RELT_THEM00009","조세","RELT_THEM00001","Y","N","N"
"C0404","기타세무일반","C","C04","대분류","RELT_THEM00001","거시경제/재정",,"Y","N","N"
"C0404","기타세무일반","C","C04","소분류","RELT_THEM00286","조세일반","RELT_THEM00009","Y","N","N"
"C0404","기타세무일반","C","C04","중분류","RELT_THEM00009","조세","RELT_THEM00001","Y","N","N"
"C0501","지방재정","C","C05","대분류","RELT_THEM00001","거시경제/재정",,"Y","N","N"
"C0501","지방재정","C","C05","소분류","RELT_THEM00028","재정일반","RELT_THEM00008","Y","N","N"
"C0501","지방재정","C","C05","중분류","RELT_THEM00008","재정","RELT_THEM00001","Y","N","N"
"C0602","재정조세관련법안","C","C06","대분류","RELT_THEM00001","거시경제/재정",,"Y","N","N"
"C0602","재정조세관련법안","C","C06","소분류","RELT_THEM00031","세법개정","RELT_THEM00009","Y","N","N"
"C0602","재정조세관련법안","C","C06","중분류","RELT_THEM00009","조세","RELT_THEM00001","Y","N","N"
"D0101","기업정책","D","D01","대분류","RELT_THEM00078","산업/무역/공정거래",,"Y","N","N"
"D0101","기업정책","D","D01","소분류","RELT_THEM00124","기업정책","RELT_THEM00089","Y","N","N"
"D0101","기업정책","D","D01","중분류","RELT_THEM00089","기업일반","RELT_THEM00078","Y","N","N"
"D0102","기업동향","D","D01","대분류","RELT_THEM00078","산업/무역/공정거래",,"Y","N","N"
"D0102","기업동향","D","D01","소분류","RELT_THEM00124","기업정책","RELT_THEM00089","Y","N","N"
"D0102","기업동향","D","D01","중분류","RELT_THEM00089","기업일반","RELT_THEM00078","Y","N","N"
"D0103","기타기업일반","D","D01","대분류","RELT_THEM00078","산업/무역/공정거래",,"Y","N","N"
"D0103","기타기업일반","D","D01","소분류","RELT_THEM00124","기업정책","RELT_THEM00089","Y","N","N"
"D0103","기타기업일반","D","D01","중분류","RELT_THEM00089","기업일반","RELT_THEM00078","Y","N","N"
"D0201","대기업","D","D02","대분류","RELT_THEM00078","산업/무역/공정거래",,"Y","N","N"
"D0201","대기업","D","D02","소분류","RELT_THEM00124","기업정책","RELT_THEM00089","Y","N","N"
"D0201","대기업","D","D02","중분류","RELT_THEM00089","기업일반","RELT_THEM00078","Y","N","N"
"D0202","경제력집중","D","D02","대분류","RELT_THEM00078","산업/무역/공정거래",,"Y","N","N"
"D0202","경제력집중","D","D02","소분류","RELT_THEM00124","기업정책","RELT_THEM00089","Y","N","N"
"D0202","경제력집중","D","D02","중분류","RELT_THEM00089","기업일반","RELT_THEM00078","Y","N","N"
"D0203","대기업참고","D","D02","대분류","RELT_THEM00078","산업/무역/공정거래",,"Y","N","N"
"D0203","대기업참고","D","D02","소분류","RELT_THEM00124","기업정책","RELT_THEM00089","Y","N","N"
"D0203","대기업참고","D","D02","중분류","RELT_THEM00089","기업일반","RELT_THEM00078","Y","N","N"
"D0301","중소기업","D","D03","대분류","RELT_THEM00078","산업/무역/공정거래",,"Y","N","N"
"D0301","중소기업","D","D03","소분류","RELT_THEM00125","중소기업","RELT_THEM00090","Y","N","N"
"D0301","중소기업","D","D03","중분류","RELT_THEM00090","중소벤처기업","RELT_THEM00078","Y","N","N"
"D0302","중소기업지원","D","D03","대분류","RELT_THEM00078","산업/무역/공정거래",,"Y","N","N"
"D0302","중소기업지원","D","D03","소분류","RELT_THEM00125","중소기업","RELT_THEM00090","Y","N","N"
"D0302","중소기업지원","D","D03","중분류","RELT_THEM00090","중소벤처기업","RELT_THEM00078","Y","N","N"
"D0303","중소기업참고","D","D03","대분류","RELT_THEM00078","산업/무역/공정거래",,"Y","N","N"
"D0303","중소기업참고","D","D03","소분류","RELT_THEM00125","중소기업","RELT_THEM00090","Y","N","N"
"D0303","중소기업참고","D","D03","중분류","RELT_THEM00090","중소벤처기업","RELT_THEM00078","Y","N","N"
"D0401","산업일반","D","D04","대분류","RELT_THEM00078","산업/무역/공정거래",,"Y","N","N"
"D0401","산업일반","D","D04","소분류","RELT_THEM00120","산업정책","RELT_THEM00086","Y","N","N"
"D0401","산업일반","D","D04","중분류","RELT_THEM00086","산업일반","RELT_THEM00078","Y","N","N"
"D0402","기초공업","D","D04","대분류","RELT_THEM00078","산업/무역/공정거래",,"Y","N","N"
"D0402","기초공업","D","D04","소분류","RELT_THEM00121","소재부품","RELT_THEM00087","Y","N","N"
"D0402","기초공업","D","D04","중분류","RELT_THEM00087","제조업","RELT_THEM00078","Y","N","N"
"D0403","기계공업","D","D04","대분류","RELT_THEM00078","산업/무역/공정거래",,"Y","N","N"
"D0403","기계공업","D","D04","소분류","RELT_THEM00242","제조업일반","RELT_THEM00087","Y","N","N"
"D0403","기계공업","D","D04","중분류","RELT_THEM00087","제조업","RELT_THEM00078","Y","N","N"
"D0404","전자.전기공업","D","D04","대분류","RELT_THEM00078","산업/무역/공정거래",,"Y","N","N"
"D0404","전자.전기공업","D","D04","소분류","RELT_THEM00242","제조업일반","RELT_THEM00087","Y","N","N"
"D0404","전자.전기공업","D","D04","중분류","RELT_THEM00087","제조업","RELT_THEM00078","Y","N","N"
"D0405","섬유.생활공업","D","D04","대분류","RELT_THEM00078","산업/무역/공정거래",,"Y","N","N"
"D0405","섬유.생활공업","D","D04","소분류","RELT_THEM00123","디자인/지식서비스","RELT_THEM00088","Y","N","N"
"D0405","섬유.생활공업","D","D04","중분류","RELT_THEM00088","서비스업","RELT_THEM00078","Y","N","N"
"D0406","식품공업","D","D04","대분류","RELT_THEM00083","농축수산",,"Y","N","N"
"D0406","식품공업","D","D04","소분류","RELT_THEM00237","식품산업","RELT_THEM00236","Y","N","N"
"D0406","식품공업","D","D04","중분류","RELT_THEM00236","식품산업","RELT_THEM00083","Y","N","N"
"D0407","서비스산업","D","D04","대분류","RELT_THEM00078","산업/무역/공정거래",,"Y","N","N"
"D0407","서비스산업","D","D04","소분류","RELT_THEM00243","서비스일반","RELT_THEM00088","Y","N","N"
"D0407","서비스산업","D","D04","중분류","RELT_THEM00088","서비스업","RELT_THEM00078","Y","N","N"
"D0408","기타산업관련","D","D04","대분류","RELT_THEM00078","산업/무역/공정거래",,"Y","N","N"
"D0408","기타산업관련","D","D04","소분류","RELT_THEM00122","시스템산업","RELT_THEM00087","Y","N","N"
"D0408","기타산업관련","D","D04","중분류","RELT_THEM00087","제조업","RELT_THEM00078","Y","N","N"
"D0501","정부기업","D","D05","대분류","RELT_THEM00001","거시경제/재정",,"Y","N","N"
"D0501","정부기업","D","D05","소분류","RELT_THEM00014","공공기관운영","RELT_THEM00004","Y","N","N"
"D0501","정부기업","D","D05","중분류","RELT_THEM00004","공공기관","RELT_THEM00001","Y","N","N"
"D0502","정부투자기관","D","D05","대분류","RELT_THEM00001","거시경제/재정",,"Y","N","N"
"D0502","정부투자기관","D","D05","소분류","RELT_THEM00014","공공기관운영","RELT_THEM00004","Y","N","N"
"D0502","정부투자기관","D","D05","중분류","RELT_THEM00004","공공기관","RELT_THEM00001","Y","N","N"
"D0503","공기업일반","D","D05","대분류","RELT_THEM00001","거시경제/재정",,"Y","N","N"
"D0503","공기업일반","D","D05","소분류","RELT_THEM00014","공공기관운영","RELT_THEM00004","Y","N","N"
"D0503","공기업일반","D","D05","중분류","RELT_THEM00004","공공기관","RELT_THEM00001","Y","N","N"
"D0601","공정정책","D","D06","대분류","RELT_THEM00078","산업/무역/공정거래",,"Y","N","N"
"D0601","공정정책","D","D06","소분류","RELT_THEM00135","공정정책","RELT_THEM00094","Y","N","N"
"D0601","공정정책","D","D06","중분류","RELT_THEM00094","공정거래","RELT_THEM00078","Y","N","N"
"D0602","독과점","D","D06","대분류","RELT_THEM00078","산업/무역/공정거래",,"Y","N","N"
"D0602","독과점","D","D06","소분류","RELT_THEM00135","공정정책","RELT_THEM00094","Y","N","N"
"D0602","독과점","D","D06","중분류","RELT_THEM00094","공정거래","RELT_THEM00078","Y","N","N"
"D0603","규제(완화, 철폐 등)","D","D06","대분류","RELT_THEM00078","산업/무역/공정거래",,"Y","N","N"
"D0603","규제(완화, 철폐 등)","D","D06","소분류","RELT_THEM00135","공정정책","RELT_THEM00094","Y","N","N"
"D0603","규제(완화, 철폐 등)","D","D06","중분류","RELT_THEM00094","공정거래","RELT_THEM00078","Y","N","N"
"D0604","경쟁","D","D06","대분류","RELT_THEM00078","산업/무역/공정거래",,"Y","N","N"
"D0604","경쟁","D","D06","소분류","RELT_THEM00136","경쟁","RELT_THEM00094","Y","N","N"
"D0604","경쟁","D","D06","중분류","RELT_THEM00094","공정거래","RELT_THEM00078","Y","N","N"
"D0605","산업피해","D","D06","대분류","RELT_THEM00078","산업/무역/공정거래",,"Y","N","N"
"D0605","산업피해","D","D06","소분류","RELT_THEM00135","공정정책","RELT_THEM00094","Y","N","N"
"D0605","산업피해","D","D06","중분류","RELT_THEM00094","공정거래","RELT_THEM00078","Y","N","N"
"D0606","소비자보호","D","D06","대분류","RELT_THEM00078","산업/무역/공정거래",,"Y","N","N"
"D0606","소비자보호","D","D06","소분류","RELT_THEM00138","소비자보호","RELT_THEM00094","Y","N","N"
"D0606","소비자보호","D","D06","중분류","RELT_THEM00094","공정거래","RELT_THEM00078","Y","N","N"
"D0607","공정거래일반","D","D06","대분류","RELT_THEM00078","산업/무역/공정거래",,"Y","N","N"
"D0607","공정거래일반","D","D06","소분류","RELT_THEM00135","공정정책","RELT_THEM00094","Y","N","N"
"D0607","공정거래일반","D","D06","중분류","RELT_THEM00094","공정거래","RELT_THEM00078","Y","N","N"
"D0701","무역일반","D","D07","대분류","RELT_THEM00001","거시경제/재정",,"Y","N","N"
"D0701","무역일반","D","D07","소분류","RELT_THEM00012","무역투자진흥회의","RELT_THEM00003","Y","N","N"
"D0701","무역일반","D","D07","중분류","RELT_THEM00003","경제정책일반","RELT_THEM00001","Y","N","N"
"D0702","수출","D","D07","대분류","RELT_THEM00078","산업/무역/공정거래",,"Y","N","N"
"D0702","수출","D","D07","소분류","RELT_THEM00129","수출입·통상","RELT_THEM00091","Y","N","N"
"D0702","수출","D","D07","중분류","RELT_THEM00091","무역일반","RELT_THEM00078","Y","N","N"
"D0703","수입","D","D07","대분류","RELT_THEM00078","산업/무역/공정거래",,"Y","N","N"
"D0703","수입","D","D07","소분류","RELT_THEM00129","수출입·통상","RELT_THEM00091","Y","N","N"
"D0703","수입","D","D07","중분류","RELT_THEM00091","무역일반","RELT_THEM00078","Y","N","N"
"D0704","기타무역관련","D","D07","대분류","RELT_THEM00078","산업/무역/공정거래",,"Y","N","N"
"D0704","기타무역관련","D","D07","소분류","RELT_THEM00129","수출입·통상","RELT_THEM00091","Y","N","N"
"D0704","기타무역관련","D","D07","중분류","RELT_THEM00091","무역일반","RELT_THEM00078","Y","N","N"
"D0801","국제수지","D","D08","대분류","RELT_THEM00078","산업/무역/공정거래",,"Y","N","N"
"D0801","국제수지","D","D08","소분류","RELT_THEM00129","수출입·통상","RELT_THEM00091","Y","N","N"
"D0801","국제수지","D","D08","중분류","RELT_THEM00091","무역일반","RELT_THEM00078","Y","N","N"
"D0901","통상","D","D09","대분류","RELT_THEM00078","산업/무역/공정거래",,"Y","N","N"
"D0901","통상","D","D09","소분류","RELT_THEM00129","수출입·통상","RELT_THEM00091","Y","N","N"
"D0901","통상","D","D09","중분류","RELT_THEM00091","무역일반","RELT_THEM00078","Y","N","N"
"D0902","경제협력","D","D09","대분류","RELT_THEM00001","거시경제/재정",,"Y","N","N"
"D0902","경제협력","D","D09","소분류","RELT_THEM00019","대외경제협력","RELT_THEM00006","Y","N","N"
"D0902","경제협력","D","D09","중분류","RELT_THEM00006","대외경제","RELT_THEM00001","Y","N","N"
"D0903","국제계약","D","D09","대분류","RELT_THEM00078","산업/무역/공정거래",,"Y","N","N"
"D0903","국제계약","D","D09","소분류","RELT_THEM00129","수출입·통상","RELT_THEM00091","Y","N","N"
"D0903","국제계약","D","D09","중분류","RELT_THEM00091","무역일반","RELT_THEM00078","Y","N","N"
"D0904","통상참고","D","D09","대분류","RELT_THEM00078","산업/무역/공정거래",,"Y","N","N"
"D0904","통상참고","D","D09","소분류","RELT_THEM00129","수출입·통상","RELT_THEM00091","Y","N","N"
"D0904","통상참고","D","D09","중분류","RELT_THEM00091","무역일반","RELT_THEM00078","Y","N","N"
"D1001","국내시장개방","D","D10","대분류","RELT_THEM00078","산업/무역/공정거래",,"Y","N","N"
"D1001","국내시장개방","D","D10","소분류","RELT_THEM00253","외국인투자","RELT_THEM00092","Y","N","N"
"D1001","국내시장개방","D","D10","중분류","RELT_THEM00092","무역투자","RELT_THEM00078","Y","N","N"
"D1002","외국인투자","D","D10","대분류","RELT_THEM00078","산업/무역/공정거래",,"Y","N","N"
"D1002","외국인투자","D","D10","소분류","RELT_THEM00253","외국인투자","RELT_THEM00092","Y","N","N"
"D1002","외국인투자","D","D10","중분류","RELT_THEM00092","무역투자","RELT_THEM00078","Y","N","N"
"D1003","해외시장","D","D10","대분류","RELT_THEM00078","산업/무역/공정거래",,"Y","N","N"
"D1003","해외시장","D","D10","소분류","RELT_THEM00130","해외투자","RELT_THEM00092","Y","N","N"
"D1003","해외시장","D","D10","중분류","RELT_THEM00092","무역투자","RELT_THEM00078","Y","N","N"
"D1004","해외투자","D","D10","대분류","RELT_THEM00078","산업/무역/공정거래",,"Y","N","N"
"D1004","해외투자","D","D10","소분류","RELT_THEM00130","해외투자","RELT_THEM00092","Y","N","N"
"D1004","해외투자","D","D10","중분류","RELT_THEM00092","무역투자","RELT_THEM00078","Y","N","N"
"D1006","시장개방종합","D","D10","대분류","RELT_THEM00078","산업/무역/공정거래",,"Y","N","N"
"D1006","시장개방종합","D","D10","소분류","RELT_THEM00253","외국인투자","RELT_THEM00092","Y","N","N"
"D1006","시장개방종합","D","D10","중분류","RELT_THEM00092","무역투자","RELT_THEM00078","Y","N","N"
"D1103","산업참고자료","D","D11","대분류","RELT_THEM00078","산업/무역/공정거래",,"Y","N","N"
"D1103","산업참고자료","D","D11","소분류","RELT_THEM00129","수출입·통상","RELT_THEM00091","Y","N","N"
"D1103","산업참고자료","D","D11","중분류","RELT_THEM00091","무역일반","RELT_THEM00078","Y","N","N"
"D1104","무역참고자료","D","D11","대분류","RELT_THEM00078","산업/무역/공정거래",,"Y","N","N"
"D1104","무역참고자료","D","D11","소분류","RELT_THEM00129","수출입·통상","RELT_THEM00091","Y","N","N"
"D1104","무역참고자료","D","D11","중분류","RELT_THEM00091","무역일반","RELT_THEM00078","Y","N","N"
"E0101","농림수산일반","E","E01","대분류","RELT_THEM00083","농축수산",,"Y","N","N"
"E0101","농림수산일반","E","E01","소분류","RELT_THEM00226","농축수산식품정책","RELT_THEM00225","Y","N","N"
"E0101","농림수산일반","E","E01","소분류","RELT_THEM00283","농업통상","RELT_THEM00225","Y","N","N"
"E0101","농림수산일반","E","E01","소분류","RELT_THEM00284","농업인력육성","RELT_THEM00225","Y","N","N"
"E0101","농림수산일반","E","E01","중분류","RELT_THEM00225","농축수산식품일반","RELT_THEM00083","Y","N","N"
"E0201","농업","E","E02","대분류","RELT_THEM00083","농축수산",,"Y","N","N"
"E0201","농업","E","E02","소분류","RELT_THEM00228","농업·유통","RELT_THEM00227","Y","N","N"
"E0201","농업","E","E02","소분류","RELT_THEM00229","식량","RELT_THEM00227","Y","N","N"
"E0201","농업","E","E02","소분류","RELT_THEM00230","원예임업","RELT_THEM00227","Y","N","N"
"E0201","농업","E","E02","중분류","RELT_THEM00227","농림업","RELT_THEM00083","Y","N","N"
"E0202","농업참고","E","E02","대분류","RELT_THEM00083","농축수산",,"Y","N","N"
"E0202","농업참고","E","E02","소분류","RELT_THEM00228","농업·유통","RELT_THEM00227","Y","N","N"
"E0202","농업참고","E","E02","소분류","RELT_THEM00229","식량","RELT_THEM00227","Y","N","N"
"E0202","농업참고","E","E02","소분류","RELT_THEM00230","원예임업","RELT_THEM00227","Y","N","N"
"E0202","농업참고","E","E02","중분류","RELT_THEM00227","농림업","RELT_THEM00083","Y","N","N"
"E0301","축산업","E","E03","대분류","RELT_THEM00083","농축수산",,"Y","N","N"
"E0301","축산업","E","E03","소분류","RELT_THEM00232","축산·유통","RELT_THEM00231","Y","N","N"
"E0301","축산업","E","E03","소분류","RELT_THEM00233","방역","RELT_THEM00231","Y","N","N"
"E0301","축산업","E","E03","중분류","RELT_THEM00231","축산업","RELT_THEM00083","Y","N","N"
"E0302","축산업참고","E","E03","대분류","RELT_THEM00083","농축수산",,"Y","N","N"
"E0302","축산업참고","E","E03","소분류","RELT_THEM00232","축산·유통","RELT_THEM00231","Y","N","N"
"E0302","축산업참고","E","E03","소분류","RELT_THEM00233","방역","RELT_THEM00231","Y","N","N"
"E0302","축산업참고","E","E03","중분류","RELT_THEM00231","축산업","RELT_THEM00083","Y","N","N"
"E0401","임업","E","E04","대분류","RELT_THEM00083","농축수산",,"Y","N","N"
"E0401","임업","E","E04","소분류","RELT_THEM00228","농업·유통","RELT_THEM00227","Y","N","N"
"E0401","임업","E","E04","소분류","RELT_THEM00229","식량","RELT_THEM00227","Y","N","N"
"E0401","임업","E","E04","소분류","RELT_THEM00230","원예임업","RELT_THEM00227","Y","N","N"
"E0401","임업","E","E04","중분류","RELT_THEM00227","농림업","RELT_THEM00083","Y","N","N"
"E0402","임업참고","E","E04","대분류","RELT_THEM00083","농축수산",,"Y","N","N"
"E0402","임업참고","E","E04","소분류","RELT_THEM00228","농업·유통","RELT_THEM00227","Y","N","N"
"E0402","임업참고","E","E04","소분류","RELT_THEM00229","식량","RELT_THEM00227","Y","N","N"
"E0402","임업참고","E","E04","소분류","RELT_THEM00230","원예임업","RELT_THEM00227","Y","N","N"
"E0402","임업참고","E","E04","중분류","RELT_THEM00227","농림업","RELT_THEM00083","Y","N","N"
"E0501","수산업","E","E05","대분류","RELT_THEM00083","농축수산",,"Y","N","N"
"E0501","수산업","E","E05","소분류","RELT_THEM00235","수산·유통","RELT_THEM00234","Y","N","N"
"E0501","수산업","E","E05","중분류","RELT_THEM00234","수산업","RELT_THEM00083","Y","N","N"
"E0502","수산업참고","E","E05","대분류","RELT_THEM00083","농축수산",,"Y","N","N"
"E0502","수산업참고","E","E05","소분류","RELT_THEM00235","수산·유통","RELT_THEM00234","Y","N","N"
"E0502","수산업참고","E","E05","중분류","RELT_THEM00234","수산업","RELT_THEM00083","Y","N","N"
"E0601","농공단지","E","E06","대분류","RELT_THEM00084","국토교통",,"Y","N","N"
"E0601","농공단지","E","E06","소분류","RELT_THEM00245","산업입지","RELT_THEM00152","Y","N","N"
"E0601","농공단지","E","E06","중분류","RELT_THEM00152","국토일반","RELT_THEM00084","Y","N","N"
"E0602","농촌개발","E","E06","대분류","RELT_THEM00083","농축수산",,"Y","N","N"
"E0602","농촌개발","E","E06","소분류","RELT_THEM00239","농어촌개발","RELT_THEM00238","Y","N","N"
"E0602","농촌개발","E","E06","중분류","RELT_THEM00238","농어촌","RELT_THEM00083","Y","N","N"
"E0603","어촌개발","E","E06","대분류","RELT_THEM00083","농축수산",,"Y","N","N"
"E0603","어촌개발","E","E06","소분류","RELT_THEM00239","농어촌개발","RELT_THEM00238","Y","N","N"
"E0603","어촌개발","E","E06","중분류","RELT_THEM00238","농어촌","RELT_THEM00083","Y","N","N"
"E0604","농어촌개발종합","E","E06","대분류","RELT_THEM00083","농축수산",,"Y","N","N"
"E0604","농어촌개발종합","E","E06","소분류","RELT_THEM00239","농어촌개발","RELT_THEM00238","Y","N","N"
"E0604","농어촌개발종합","E","E06","중분류","RELT_THEM00238","농어촌","RELT_THEM00083","Y","N","N"
"E0701","농산물유통","E","E07","대분류","RELT_THEM00083","농축수산",,"Y","N","N"
"E0701","농산물유통","E","E07","소분류","RELT_THEM00237","식품산업","RELT_THEM00236","Y","N","N"
"E0701","농산물유통","E","E07","중분류","RELT_THEM00236","식품산업","RELT_THEM00083","Y","N","N"
"E0702","축산물유통","E","E07","대분류","RELT_THEM00083","농축수산",,"Y","N","N"
"E0702","축산물유통","E","E07","소분류","RELT_THEM00237","식품산업","RELT_THEM00236","Y","N","N"
"E0702","축산물유통","E","E07","중분류","RELT_THEM00236","식품산업","RELT_THEM00083","Y","N","N"
"E0703","수산물유통","E","E07","대분류","RELT_THEM00083","농축수산",,"Y","N","N"
"E0703","수산물유통","E","E07","소분류","RELT_THEM00237","식품산업","RELT_THEM00236","Y","N","N"
"E0703","수산물유통","E","E07","중분류","RELT_THEM00236","식품산업","RELT_THEM00083","Y","N","N"
"E0704","농수산유통종합","E","E07","대분류","RELT_THEM00083","농축수산",,"Y","N","N"
"E0704","농수산유통종합","E","E07","소분류","RELT_THEM00237","식품산업","RELT_THEM00236","Y","N","N"
"E0704","농수산유통종합","E","E07","중분류","RELT_THEM00236","식품산업","RELT_THEM00083","Y","N","N"
"E0803","농림수산참고자료","E","E08","대분류","RELT_THEM00083","농축수산",,"Y","N","N"
"E0803","농림수산참고자료","E","E08","소분류","RELT_THEM00226","농축수산식품정책","RELT_THEM00225","Y","N","N"
"E0803","농림수산참고자료","E","E08","소분류","RELT_THEM00283","농업통상","RELT_THEM00225","Y","N","N"
"E0803","농림수산참고자료","E","E08","소분류","RELT_THEM00284","농업인력육성","RELT_THEM00225","Y","N","N"
"E0803","농림수산참고자료","E","E08","중분류","RELT_THEM00225","농축수산식품일반","RELT_THEM00083","Y","N","N"
"F0101","에너지일반","F","F01","대분류","RELT_THEM00082","환경/자원",,"Y","N","N"
"F0101","에너지일반","F","F01","소분류","RELT_THEM00196","에너지자원계획","RELT_THEM00195","Y","N","N"
"F0101","에너지일반","F","F01","중분류","RELT_THEM00195","에너지자원일반","RELT_THEM00082","Y","N","N"
"F0201","석탄","F","F02","대분류","RELT_THEM00082","환경/자원",,"Y","N","N"
"F0201","석탄","F","F02","소분류","RELT_THEM00199","석탄석유가스","RELT_THEM00198","Y","N","N"
"F0201","석탄","F","F02","중분류","RELT_THEM00198","지하자원","RELT_THEM00082","Y","N","N"
"F0202","석탄참고","F","F02","대분류","RELT_THEM00082","환경/자원",,"Y","N","N"
"F0202","석탄참고","F","F02","소분류","RELT_THEM00199","석탄석유가스","RELT_THEM00198","Y","N","N"
"F0202","석탄참고","F","F02","중분류","RELT_THEM00198","지하자원","RELT_THEM00082","Y","N","N"
"F0301","석유","F","F03","대분류","RELT_THEM00082","환경/자원",,"Y","N","N"
"F0301","석유","F","F03","소분류","RELT_THEM00199","석탄석유가스","RELT_THEM00198","Y","N","N"
"F0301","석유","F","F03","중분류","RELT_THEM00198","지하자원","RELT_THEM00082","Y","N","N"
"F0302","석유참고","F","F03","대분류","RELT_THEM00082","환경/자원",,"Y","N","N"
"F0302","석유참고","F","F03","소분류","RELT_THEM00199","석탄석유가스","RELT_THEM00198","Y","N","N"
"F0302","석유참고","F","F03","중분류","RELT_THEM00198","지하자원","RELT_THEM00082","Y","N","N"
"F0401","천연가스(LNG)","F","F04","대분류","RELT_THEM00082","환경/자원",,"Y","N","N"
"F0401","천연가스(LNG)","F","F04","소분류","RELT_THEM00199","석탄석유가스","RELT_THEM00198","Y","N","N"
"F0401","천연가스(LNG)","F","F04","중분류","RELT_THEM00198","지하자원","RELT_THEM00082","Y","N","N"
"F0402","프로판가스(LPG)","F","F04","대분류","RELT_THEM00082","환경/자원",,"Y","N","N"
"F0402","프로판가스(LPG)","F","F04","소분류","RELT_THEM00199","석탄석유가스","RELT_THEM00198","Y","N","N"
"F0402","프로판가스(LPG)","F","F04","중분류","RELT_THEM00198","지하자원","RELT_THEM00082","Y","N","N"
"F0403","가스일반","F","F04","대분류","RELT_THEM00082","환경/자원",,"Y","N","N"
"F0403","가스일반","F","F04","소분류","RELT_THEM00199","석탄석유가스","RELT_THEM00198","Y","N","N"
"F0403","가스일반","F","F04","중분류","RELT_THEM00198","지하자원","RELT_THEM00082","Y","N","N"
"F0501","전력","F","F05","대분류","RELT_THEM00082","환경/자원",,"Y","N","N"
"F0501","전력","F","F05","소분류","RELT_THEM00268","전력","RELT_THEM00267","Y","N","N"
"F0501","전력","F","F05","중분류","RELT_THEM00267","에너지","RELT_THEM00082","Y","N","N"
"F0502","전력참고","F","F05","대분류","RELT_THEM00082","환경/자원",,"Y","N","N"
"F0502","전력참고","F","F05","소분류","RELT_THEM00268","전력","RELT_THEM00267","Y","N","N"
"F0502","전력참고","F","F05","중분류","RELT_THEM00267","에너지","RELT_THEM00082","Y","N","N"
"F0601","원자력","F","F06","대분류","RELT_THEM00082","환경/자원",,"Y","N","N"
"F0601","원자력","F","F06","소분류","RELT_THEM00269","원자력","RELT_THEM00267","Y","N","N"
"F0601","원자력","F","F06","중분류","RELT_THEM00267","에너지","RELT_THEM00082","Y","N","N"
"F0602","원자력참고","F","F06","대분류","RELT_THEM00082","환경/자원",,"Y","N","N"
"F0602","원자력참고","F","F06","소분류","RELT_THEM00269","원자력","RELT_THEM00267","Y","N","N"
"F0602","원자력참고","F","F06","중분류","RELT_THEM00267","에너지","RELT_THEM00082","Y","N","N"
"F0701","해양자원","F","F07","대분류","RELT_THEM00082","환경/자원",,"Y","N","N"
"F0701","해양자원","F","F07","소분류","RELT_THEM00274","신재생","RELT_THEM00267","Y","N","N"
"F0701","해양자원","F","F07","중분류","RELT_THEM00267","에너지","RELT_THEM00082","Y","N","N"
"F0702","기타자원","F","F07","대분류","RELT_THEM00082","환경/자원",,"Y","N","N"
"F0702","기타자원","F","F07","소분류","RELT_THEM00274","신재생","RELT_THEM00267","Y","N","N"
"F0702","기타자원","F","F07","중분류","RELT_THEM00267","에너지","RELT_THEM00082","Y","N","N"
"F0803","에너지참고자료","F","F08","대분류","RELT_THEM00082","환경/자원",,"Y","N","N"
"F0803","에너지참고자료","F","F08","소분류","RELT_THEM00196","에너지자원계획","RELT_THEM00195","Y","N","N"
"F0803","에너지참고자료","F","F08","중분류","RELT_THEM00195","에너지자원일반","RELT_THEM00082","Y","N","N"
"G0101","과학.기술일반","G","G01","대분류","RELT_THEM00081","과학기술/정보통신",,"Y","N","N"
"G0101","과학.기술일반","G","G01","소분류","RELT_THEM00139","과학기술정책","RELT_THEM00110","Y","N","N"
"G0101","과학.기술일반","G","G01","중분류","RELT_THEM00110","과학기술일반","RELT_THEM00081","Y","N","N"
"G0201","기초과학","G","G02","대분류","RELT_THEM00081","과학기술/정보통신",,"Y","N","N"
"G0201","기초과학","G","G02","소분류","RELT_THEM00139","과학기술정책","RELT_THEM00110","Y","N","N"
"G0201","기초과학","G","G02","중분류","RELT_THEM00110","과학기술일반","RELT_THEM00081","Y","N","N"
"G0301","위성발사","G","G03","대분류","RELT_THEM00081","과학기술/정보통신",,"Y","N","N"
"G0301","위성발사","G","G03","소분류","RELT_THEM00144","우주과학","RELT_THEM00113","Y","N","N"
"G0301","위성발사","G","G03","중분류","RELT_THEM00113","거대과학","RELT_THEM00081","Y","N","N"
"G0302","기타우주과학","G","G03","대분류","RELT_THEM00081","과학기술/정보통신",,"Y","N","N"
"G0302","기타우주과학","G","G03","소분류","RELT_THEM00144","우주과학","RELT_THEM00113","Y","N","N"
"G0302","기타우주과학","G","G03","중분류","RELT_THEM00113","거대과학","RELT_THEM00081","Y","N","N"
"G0601","생명공학","G","G06","대분류","RELT_THEM00081","과학기술/정보통신",,"Y","N","N"
"G0601","생명공학","G","G06","소분류","RELT_THEM00143","생명공학","RELT_THEM00112","Y","N","N"
"G0601","생명공학","G","G06","중분류","RELT_THEM00112","원천기술","RELT_THEM00081","Y","N","N"
"G0701","천문기상","G","G07","대분류","RELT_THEM00082","환경/자원",,"Y","N","N"
"G0701","천문기상","G","G07","소분류","RELT_THEM00180","기후변화","RELT_THEM00177","Y","N","N"
"G0701","천문기상","G","G07","중분류","RELT_THEM00177","대기환경관리","RELT_THEM00082","Y","N","N"
"G0702","가뭄.홍수대책","G","G07","대분류","RELT_THEM00082","환경/자원",,"Y","N","N"
"G0702","가뭄.홍수대책","G","G07","소분류","RELT_THEM00180","기후변화","RELT_THEM00177","Y","N","N"
"G0702","가뭄.홍수대책","G","G07","중분류","RELT_THEM00177","대기환경관리","RELT_THEM00082","Y","N","N"
"G0801","기술개발","G","G08","대분류","RELT_THEM00081","과학기술/정보통신",,"Y","N","N"
"G0801","기술개발","G","G08","소분류","RELT_THEM00276","나노소재","RELT_THEM00112","Y","N","N"
"G0801","기술개발","G","G08","중분류","RELT_THEM00112","원천기술","RELT_THEM00081","Y","N","N"
"G0802","기술교류(기술협력)","G","G08","대분류","RELT_THEM00081","과학기술/정보통신",,"Y","N","N"
"G0802","기술교류(기술협력)","G","G08","소분류","RELT_THEM00276","나노소재","RELT_THEM00112","Y","N","N"
"G0802","기술교류(기술협력)","G","G08","중분류","RELT_THEM00112","원천기술","RELT_THEM00081","Y","N","N"
"G0803","산업기술(품질표시, 품질인증  등)","G","G08","대분류","RELT_THEM00078","산업/무역/공정거래",,"Y","N","N"
"G0803","산업기술(품질표시, 품질인증  등)","G","G08","소분류","RELT_THEM00241","산업기술","RELT_THEM00086","Y","N","N"
"G0803","산업기술(품질표시, 품질인증  등)","G","G08","중분류","RELT_THEM00086","산업일반","RELT_THEM00078","Y","N","N"
"G0805","기술종합","G","G08","대분류","RELT_THEM00078","산업/무역/공정거래",,"Y","N","N"
"G0805","기술종합","G","G08","소분류","RELT_THEM00241","산업기술","RELT_THEM00086","Y","N","N"
"G0805","기술종합","G","G08","중분류","RELT_THEM00086","산업일반","RELT_THEM00078","Y","N","N"
"G0901","특허 등 공업소유권","G","G09","대분류","RELT_THEM00078","산업/무역/공정거래",,"Y","N","N"
"G0901","특허 등 공업소유권","G","G09","소분류","RELT_THEM00241","산업기술","RELT_THEM00086","Y","N","N"
"G0901","특허 등 공업소유권","G","G09","중분류","RELT_THEM00086","산업일반","RELT_THEM00078","Y","N","N"
"G0902","기타지적소유권","G","G09","대분류","RELT_THEM00078","산업/무역/공정거래",,"Y","N","N"
"G0902","기타지적소유권","G","G09","소분류","RELT_THEM00241","산업기술","RELT_THEM00086","Y","N","N"
"G0902","기타지적소유권","G","G09","중분류","RELT_THEM00086","산업일반","RELT_THEM00078","Y","N","N"
"G1003","과학기술참고자료","G","G10","대분류","RELT_THEM00081","과학기술/정보통신",,"Y","N","N"
"G1003","과학기술참고자료","G","G10","소분류","RELT_THEM00139","과학기술정책","RELT_THEM00110","Y","N","N"
"G1003","과학기술참고자료","G","G10","중분류","RELT_THEM00110","과학기술일반","RELT_THEM00081","Y","N","N"
"H0101","정보통신일반","H","H01","대분류","RELT_THEM00081","과학기술/정보통신",,"Y","N","N"
"H0101","정보통신일반","H","H01","소분류","RELT_THEM00145","정보통신정책","RELT_THEM00115","Y","N","N"
"H0101","정보통신일반","H","H01","중분류","RELT_THEM00115","정보통신일반","RELT_THEM00081","Y","N","N"
"H0301","유선전신.전화","H","H03","대분류","RELT_THEM00081","과학기술/정보통신",,"Y","N","N"
"H0301","유선전신.전화","H","H03","소분류","RELT_THEM00148","통신","RELT_THEM00117","Y","N","N"
"H0301","유선전신.전화","H","H03","중분류","RELT_THEM00117","통신","RELT_THEM00081","Y","N","N"
"H0302","무선전신.전화","H","H03","대분류","RELT_THEM00081","과학기술/정보통신",,"Y","N","N"
"H0302","무선전신.전화","H","H03","소분류","RELT_THEM00148","통신","RELT_THEM00117","Y","N","N"
"H0302","무선전신.전화","H","H03","중분류","RELT_THEM00117","통신","RELT_THEM00081","Y","N","N"
"H0303","위성통신","H","H03","대분류","RELT_THEM00081","과학기술/정보통신",,"Y","N","N"
"H0303","위성통신","H","H03","소분류","RELT_THEM00148","통신","RELT_THEM00117","Y","N","N"
"H0303","위성통신","H","H03","중분류","RELT_THEM00117","통신","RELT_THEM00081","Y","N","N"
"H0304","기타전기통신사업","H","H03","대분류","RELT_THEM00081","과학기술/정보통신",,"Y","N","N"
"H0304","기타전기통신사업","H","H03","소분류","RELT_THEM00148","통신","RELT_THEM00117","Y","N","N"
"H0304","기타전기통신사업","H","H03","중분류","RELT_THEM00117","통신","RELT_THEM00081","Y","N","N"
"H0401","정보통신","H","H04","대분류","RELT_THEM00081","과학기술/정보통신",,"Y","N","N"
"H0401","정보통신","H","H04","소분류","RELT_THEM00151","인터넷융합","RELT_THEM00119","Y","N","N"
"H0401","정보통신","H","H04","중분류","RELT_THEM00119","정보융합","RELT_THEM00081","Y","N","N"
"H0402","컴퓨터 DB","H","H04","대분류","RELT_THEM00081","과학기술/정보통신",,"Y","N","N"
"H0402","컴퓨터 DB","H","H04","소분류","RELT_THEM00151","인터넷융합","RELT_THEM00119","Y","N","N"
"H0402","컴퓨터 DB","H","H04","중분류","RELT_THEM00119","정보융합","RELT_THEM00081","Y","N","N"
"H0403","컴퓨터 소프트웨어","H","H04","대분류","RELT_THEM00081","과학기술/정보통신",,"Y","N","N"
"H0403","컴퓨터 소프트웨어","H","H04","소분류","RELT_THEM00146","소프트웨어","RELT_THEM00116","Y","N","N"
"H0403","컴퓨터 소프트웨어","H","H04","중분류","RELT_THEM00116","소프트웨어","RELT_THEM00081","Y","N","N"
"H0404","정보사업일반","H","H04","대분류","RELT_THEM00081","과학기술/정보통신",,"Y","N","N"
"H0404","정보사업일반","H","H04","소분류","RELT_THEM00151","인터넷융합","RELT_THEM00119","Y","N","N"
"H0404","정보사업일반","H","H04","중분류","RELT_THEM00119","정보융합","RELT_THEM00081","Y","N","N"
"H0405","정보보호","H","H04","대분류","RELT_THEM00081","과학기술/정보통신",,"Y","N","N"
"H0405","정보보호","H","H04","소분류","RELT_THEM00147","정보보호","RELT_THEM00116","Y","N","N"
"H0405","정보보호","H","H04","중분류","RELT_THEM00116","소프트웨어","RELT_THEM00081","Y","N","N"
"H0501","방송","H","H05","대분류","RELT_THEM00081","과학기술/정보통신",,"Y","N","N"
"H0501","방송","H","H05","소분류","RELT_THEM00149","방송","RELT_THEM00118","Y","N","N"
"H0501","방송","H","H05","중분류","RELT_THEM00118","방송/전파","RELT_THEM00081","Y","N","N"
"H0502","전파일반","H","H05","대분류","RELT_THEM00081","과학기술/정보통신",,"Y","N","N"
"H0502","전파일반","H","H05","소분류","RELT_THEM00150","전파","RELT_THEM00118","Y","N","N"
"H0502","전파일반","H","H05","중분류","RELT_THEM00118","방송/전파","RELT_THEM00081","Y","N","N"
"H0603","정보통신참고자료","H","H06","대분류","RELT_THEM00081","과학기술/정보통신",,"Y","N","N"
"H0603","정보통신참고자료","H","H06","소분류","RELT_THEM00145","정보통신정책","RELT_THEM00115","Y","N","N"
"H0603","정보통신참고자료","H","H06","중분류","RELT_THEM00115","정보통신일반","RELT_THEM00081","Y","N","N"
"I0101","노동일반","I","I01","대분류","RELT_THEM00079","고용노동",,"Y","N","N"
"I0101","노동일반","I","I01","소분류","RELT_THEM00200","고용노동정책","RELT_THEM00095","Y","N","N"
"I0101","노동일반","I","I01","중분류","RELT_THEM00095","고용노동일반","RELT_THEM00079","Y","N","N"
"I0201","임금","I","I02","대분류","RELT_THEM00079","고용노동",,"Y","N","N"
"I0201","임금","I","I02","소분류","RELT_THEM00201","임금","RELT_THEM00096","Y","N","N"
"I0201","임금","I","I02","중분류","RELT_THEM00096","근로기준","RELT_THEM00079","Y","N","N"
"I0301","고용","I","I03","대분류","RELT_THEM00079","고용노동",,"Y","N","N"
"I0301","고용","I","I03","소분류","RELT_THEM00200","고용노동정책","RELT_THEM00095","Y","N","N"
"I0301","고용","I","I03","중분류","RELT_THEM00095","고용노동일반","RELT_THEM00079","Y","N","N"
"I0302","실업","I","I03","대분류","RELT_THEM00079","고용노동",,"Y","N","N"
"I0302","실업","I","I03","소분류","RELT_THEM00200","고용노동정책","RELT_THEM00095","Y","N","N"
"I0302","실업","I","I03","중분류","RELT_THEM00095","고용노동일반","RELT_THEM00079","Y","N","N"
"I0303","노동시장일반","I","I03","대분류","RELT_THEM00079","고용노동",,"Y","N","N"
"I0303","노동시장일반","I","I03","소분류","RELT_THEM00204","해외인력","RELT_THEM00097","Y","N","N"
"I0303","노동시장일반","I","I03","중분류","RELT_THEM00097","고용노동시장","RELT_THEM00079","Y","N","N"
"I0401","직업훈련","I","I04","대분류","RELT_THEM00079","고용노동",,"Y","N","N"
"I0401","직업훈련","I","I04","소분류","RELT_THEM00207","직업능력개발","RELT_THEM00099","Y","N","N"
"I0401","직업훈련","I","I04","중분류","RELT_THEM00099","직업능력개발","RELT_THEM00079","Y","N","N"
"I0402","기타인력개발","I","I04","대분류","RELT_THEM00079","고용노동",,"Y","N","N"
"I0402","기타인력개발","I","I04","소분류","RELT_THEM00207","직업능력개발","RELT_THEM00099","Y","N","N"
"I0402","기타인력개발","I","I04","중분류","RELT_THEM00099","직업능력개발","RELT_THEM00079","Y","N","N"
"I0501","노사관계","I","I05","대분류","RELT_THEM00079","고용노동",,"Y","N","N"
"I0501","노사관계","I","I05","소분류","RELT_THEM00208","노사관계","RELT_THEM00100","Y","N","N"
"I0501","노사관계","I","I05","중분류","RELT_THEM00100","노사관계","RELT_THEM00079","Y","N","N"
"I0502","노동운동","I","I05","대분류","RELT_THEM00079","고용노동",,"Y","N","N"
"I0502","노동운동","I","I05","소분류","RELT_THEM00208","노사관계","RELT_THEM00100","Y","N","N"
"I0502","노동운동","I","I05","중분류","RELT_THEM00100","노사관계","RELT_THEM00079","Y","N","N"
"I0503","노사일반","I","I05","대분류","RELT_THEM00079","고용노동",,"Y","N","N"
"I0503","노사일반","I","I05","소분류","RELT_THEM00208","노사관계","RELT_THEM00100","Y","N","N"
"I0503","노사일반","I","I05","중분류","RELT_THEM00100","노사관계","RELT_THEM00079","Y","N","N"
"I0601","산업재해","I","I06","대분류","RELT_THEM00079","고용노동",,"Y","N","N"
"I0601","산업재해","I","I06","소분류","RELT_THEM00210","산업안전","RELT_THEM00101","Y","N","N"
"I0601","산업재해","I","I06","중분류","RELT_THEM00101","산업안전","RELT_THEM00079","Y","N","N"
"I0602","산업안전","I","I06","대분류","RELT_THEM00079","고용노동",,"Y","N","N"
"I0602","산업안전","I","I06","소분류","RELT_THEM00210","산업안전","RELT_THEM00101","Y","N","N"
"I0602","산업안전","I","I06","중분류","RELT_THEM00101","산업안전","RELT_THEM00079","Y","N","N"
"I0603","산재보험","I","I06","대분류","RELT_THEM00079","고용노동",,"Y","N","N"
"I0603","산재보험","I","I06","소분류","RELT_THEM00210","산업안전","RELT_THEM00101","Y","N","N"
"I0603","산재보험","I","I06","중분류","RELT_THEM00101","산업안전","RELT_THEM00079","Y","N","N"
"I0604","기타재해일반","I","I06","대분류","RELT_THEM00079","고용노동",,"Y","N","N"
"I0604","기타재해일반","I","I06","소분류","RELT_THEM00210","산업안전","RELT_THEM00101","Y","N","N"
"I0604","기타재해일반","I","I06","중분류","RELT_THEM00101","산업안전","RELT_THEM00079","Y","N","N"
"I0701","근로자보건","I","I07","대분류","RELT_THEM00079","고용노동",,"Y","N","N"
"I0701","근로자보건","I","I07","소분류","RELT_THEM00280","근로복지","RELT_THEM00096","Y","N","N"
"I0701","근로자보건","I","I07","중분류","RELT_THEM00096","근로기준","RELT_THEM00079","Y","N","N"
"I0702","고용보험","I","I07","대분류","RELT_THEM00079","고용노동",,"Y","N","N"
"I0702","고용보험","I","I07","소분류","RELT_THEM00205","고용보험","RELT_THEM00098","Y","N","N"
"I0702","고용보험","I","I07","중분류","RELT_THEM00098","고용안전망","RELT_THEM00079","Y","N","N"
"I0703","노동복지","I","I07","대분류","RELT_THEM00079","고용노동",,"Y","N","N"
"I0703","노동복지","I","I07","소분류","RELT_THEM00280","근로복지","RELT_THEM00096","Y","N","N"
"I0703","노동복지","I","I07","중분류","RELT_THEM00096","근로기준","RELT_THEM00079","Y","N","N"
"I0704","노동문화","I","I07","대분류","RELT_THEM00079","고용노동",,"Y","N","N"
"I0704","노동문화","I","I07","소분류","RELT_THEM00280","근로복지","RELT_THEM00096","Y","N","N"
"I0704","노동문화","I","I07","중분류","RELT_THEM00096","근로기준","RELT_THEM00079","Y","N","N"
"I0705","퇴직연금","I","I07","대분류","RELT_THEM00079","고용노동",,"Y","N","N"
"I0705","퇴직연금","I","I07","소분류","RELT_THEM00206","퇴직연금","RELT_THEM00098","Y","N","N"
"I0705","퇴직연금","I","I07","중분류","RELT_THEM00098","고용안전망","RELT_THEM00079","Y","N","N"
"I0803","노동참고자료","I","I08","대분류","RELT_THEM00079","고용노동",,"Y","N","N"
"I0803","노동참고자료","I","I08","소분류","RELT_THEM00200","고용노동정책","RELT_THEM00095","Y","N","N"
"I0803","노동참고자료","I","I08","중분류","RELT_THEM00095","고용노동일반","RELT_THEM00079","Y","N","N"
"J0101","사회복지일반","J","J01","대분류","RELT_THEM00080","보건복지/교육",,"Y","N","N"
"J0101","사회복지일반","J","J01","소분류","RELT_THEM00211","보건복지정책","RELT_THEM00102","Y","N","N"
"J0101","사회복지일반","J","J01","중분류","RELT_THEM00102","보건복지일반","RELT_THEM00080","Y","N","N"
"J0201","사회사업","J","J02","대분류","RELT_THEM00080","보건복지/교육",,"Y","N","N"
"J0201","사회사업","J","J02","소분류","RELT_THEM00219","복지·서비스","RELT_THEM00106","Y","N","N"
"J0201","사회사업","J","J02","중분류","RELT_THEM00106","사회복지","RELT_THEM00080","Y","N","N"
"J0202","생활보호","J","J02","대분류","RELT_THEM00080","보건복지/교육",,"Y","N","N"
"J0202","생활보호","J","J02","소분류","RELT_THEM00219","복지·서비스","RELT_THEM00106","Y","N","N"
"J0202","생활보호","J","J02","중분류","RELT_THEM00106","사회복지","RELT_THEM00080","Y","N","N"
"J0203","보훈사업","J","J02","대분류","RELT_THEM00080","보건복지/교육",,"Y","N","N"
"J0203","보훈사업","J","J02","소분류","RELT_THEM00219","복지·서비스","RELT_THEM00106","Y","N","N"
"J0203","보훈사업","J","J02","중분류","RELT_THEM00106","사회복지","RELT_THEM00080","Y","N","N"
"J0204","장애자복지","J","J02","대분류","RELT_THEM00080","보건복지/교육",,"Y","N","N"
"J0204","장애자복지","J","J02","소분류","RELT_THEM00220","장애인","RELT_THEM00107","Y","N","N"
"J0204","장애자복지","J","J02","중분류","RELT_THEM00107","장애인","RELT_THEM00080","Y","N","N"
"J0205","기타사회보장","J","J02","대분류","RELT_THEM00080","보건복지/교육",,"Y","N","N"
"J0205","기타사회보장","J","J02","소분류","RELT_THEM00219","복지·서비스","RELT_THEM00106","Y","N","N"
"J0205","기타사회보장","J","J02","중분류","RELT_THEM00106","사회복지","RELT_THEM00080","Y","N","N"
"J0301","보건위생","J","J03","대분류","RELT_THEM00080","보건복지/교육",,"Y","N","N"
"J0301","보건위생","J","J03","소분류","RELT_THEM00215","공공보건","RELT_THEM00103","Y","N","N"
"J0301","보건위생","J","J03","중분류","RELT_THEM00103","보건의료","RELT_THEM00080","Y","N","N"
"J0302","식품위생","J","J03","대분류","RELT_THEM00080","보건복지/교육",,"Y","N","N"
"J0302","식품위생","J","J03","소분류","RELT_THEM00215","공공보건","RELT_THEM00103","Y","N","N"
"J0302","식품위생","J","J03","중분류","RELT_THEM00103","보건의료","RELT_THEM00080","Y","N","N"
"J0303","위생종합","J","J03","대분류","RELT_THEM00080","보건복지/교육",,"Y","N","N"
"J0303","위생종합","J","J03","소분류","RELT_THEM00214","국민건강","RELT_THEM00103","Y","N","N"
"J0303","위생종합","J","J03","중분류","RELT_THEM00103","보건의료","RELT_THEM00080","Y","N","N"
"J0401","의학","J","J04","대분류","RELT_THEM00080","보건복지/교육",,"Y","N","N"
"J0401","의학","J","J04","소분류","RELT_THEM00212","의료","RELT_THEM00103","Y","N","N"
"J0401","의학","J","J04","중분류","RELT_THEM00103","보건의료","RELT_THEM00080","Y","N","N"
"J0402","약학","J","J04","대분류","RELT_THEM00080","보건복지/교육",,"Y","N","N"
"J0402","약학","J","J04","소분류","RELT_THEM00212","의료","RELT_THEM00103","Y","N","N"
"J0402","약학","J","J04","중분류","RELT_THEM00103","보건의료","RELT_THEM00080","Y","N","N"
"J0403","한방","J","J04","대분류","RELT_THEM00080","보건복지/교육",,"Y","N","N"
"J0403","한방","J","J04","소분류","RELT_THEM00213","한의약","RELT_THEM00103","Y","N","N"
"J0403","한방","J","J04","중분류","RELT_THEM00103","보건의료","RELT_THEM00080","Y","N","N"
"J0404","건강보험","J","J04","대분류","RELT_THEM00080","보건복지/교육",,"Y","N","N"
"J0404","건강보험","J","J04","소분류","RELT_THEM00216","건강보험","RELT_THEM00104","Y","N","N"
"J0404","건강보험","J","J04","중분류","RELT_THEM00104","건강보험","RELT_THEM00080","Y","N","N"
"J0405","의료종합","J","J04","대분류","RELT_THEM00080","보건복지/교육",,"Y","N","N"
"J0405","의료종합","J","J04","소분류","RELT_THEM00212","의료","RELT_THEM00103","Y","N","N"
"J0405","의료종합","J","J04","중분류","RELT_THEM00103","보건의료","RELT_THEM00080","Y","N","N"
"J0501","국민연금","J","J05","대분류","RELT_THEM00080","보건복지/교육",,"Y","N","N"
"J0501","국민연금","J","J05","소분류","RELT_THEM00223","국민 ·기초연금","RELT_THEM00109","Y","N","N"
"J0501","국민연금","J","J05","중분류","RELT_THEM00109","공적연금","RELT_THEM00080","Y","N","N"
"J0502","농어민연금","J","J05","대분류","RELT_THEM00080","보건복지/교육",,"Y","N","N"
"J0502","농어민연금","J","J05","소분류","RELT_THEM00223","국민 ·기초연금","RELT_THEM00109","Y","N","N"
"J0502","농어민연금","J","J05","중분류","RELT_THEM00109","공적연금","RELT_THEM00080","Y","N","N"
"J0503","연금종합","J","J05","대분류","RELT_THEM00080","보건복지/교육",,"Y","N","N"
"J0503","연금종합","J","J05","소분류","RELT_THEM00223","국민 ·기초연금","RELT_THEM00109","Y","N","N"
"J0503","연금종합","J","J05","중분류","RELT_THEM00109","공적연금","RELT_THEM00080","Y","N","N"
"J0504","노령연금","J","J05","대분류","RELT_THEM00080","보건복지/교육",,"Y","N","N"
"J0504","노령연금","J","J05","소분류","RELT_THEM00223","국민 ·기초연금","RELT_THEM00109","Y","N","N"
"J0504","노령연금","J","J05","중분류","RELT_THEM00109","공적연금","RELT_THEM00080","Y","N","N"
"J0601","출생일반","J","J06","대분류","RELT_THEM00080","보건복지/교육",,"Y","N","N"
"J0601","출생일반","J","J06","소분류","RELT_THEM00221","인구·출산","RELT_THEM00108","Y","N","N"
"J0601","출생일반","J","J06","중분류","RELT_THEM00108","인구","RELT_THEM00080","Y","N","N"
"J0602","인구","J","J06","대분류","RELT_THEM00080","보건복지/교육",,"Y","N","N"
"J0602","인구","J","J06","소분류","RELT_THEM00221","인구·출산","RELT_THEM00108","Y","N","N"
"J0602","인구","J","J06","중분류","RELT_THEM00108","인구","RELT_THEM00080","Y","N","N"
"J0603","사망일반","J","J06","대분류","RELT_THEM00080","보건복지/교육",,"Y","N","N"
"J0603","사망일반","J","J06","소분류","RELT_THEM00221","인구·출산","RELT_THEM00108","Y","N","N"
"J0603","사망일반","J","J06","중분류","RELT_THEM00108","인구","RELT_THEM00080","Y","N","N"
"J0701","교육일반","J","J07","대분류","RELT_THEM00080","보건복지/교육",,"Y","N","N"
"J0701","교육일반","J","J07","소분류","RELT_THEM00289","초중등교육","RELT_THEM00288","Y","N","N"
"J0701","교육일반","J","J07","중분류","RELT_THEM00288","교육","RELT_THEM00080","Y","N","N"
"J0703","고등교육(대학교)","J","J07","대분류","RELT_THEM00080","보건복지/교육",,"Y","N","N"
"J0703","고등교육(대학교)","J","J07","소분류","RELT_THEM00290","대학교육","RELT_THEM00288","Y","N","N"
"J0703","고등교육(대학교)","J","J07","중분류","RELT_THEM00288","교육","RELT_THEM00080","Y","N","N"
"J0704","초등,중등교육","J","J07","대분류","RELT_THEM00080","보건복지/교육",,"Y","N","N"
"J0704","초등,중등교육","J","J07","소분류","RELT_THEM00289","초중등교육","RELT_THEM00288","Y","N","N"
"J0704","초등,중등교육","J","J07","중분류","RELT_THEM00288","교육","RELT_THEM00080","Y","N","N"
"J0705","유아교육","J","J07","대분류","RELT_THEM00080","보건복지/교육",,"Y","N","N"
"J0705","유아교육","J","J07","소분류","RELT_THEM00273","보육·아동","RELT_THEM00108","Y","N","N"
"J0705","유아교육","J","J07","중분류","RELT_THEM00108","인구","RELT_THEM00080","Y","N","N"
"J0801","여성","J","J08","대분류","RELT_THEM00079","고용노동",,"Y","N","N"
"J0801","여성","J","J08","소분류","RELT_THEM00202","청년·여성","RELT_THEM00097","Y","N","N"
"J0801","여성","J","J08","중분류","RELT_THEM00097","고용노동시장","RELT_THEM00079","Y","N","N"
"J0802","육아","J","J08","대분류","RELT_THEM00080","보건복지/교육",,"Y","N","N"
"J0802","육아","J","J08","소분류","RELT_THEM00273","보육·아동","RELT_THEM00108","Y","N","N"
"J0802","육아","J","J08","중분류","RELT_THEM00108","인구","RELT_THEM00080","Y","N","N"
"J0901","노인","J","J09","대분류","RELT_THEM00080","보건복지/교육",,"Y","N","N"
"J0901","노인","J","J09","소분류","RELT_THEM00222","노인","RELT_THEM00108","Y","N","N"
"J0901","노인","J","J09","중분류","RELT_THEM00108","인구","RELT_THEM00080","Y","N","N"
"J1001","청소년","J","J10","대분류","RELT_THEM00079","고용노동",,"Y","N","N"
"J1001","청소년","J","J10","소분류","RELT_THEM00202","청년·여성","RELT_THEM00097","Y","N","N"
"J1001","청소년","J","J10","중분류","RELT_THEM00097","고용노동시장","RELT_THEM00079","Y","N","N"
"J1101","임대주택","J","J11","대분류","RELT_THEM00084","국토교통",,"Y","N","N"
"J1101","임대주택","J","J11","소분류","RELT_THEM00164","주택시장","RELT_THEM00154","Y","N","N"
"J1101","임대주택","J","J11","중분류","RELT_THEM00154","부동산","RELT_THEM00084","Y","N","N"
"J1102","주생활일반","J","J11","대분류","RELT_THEM00084","국토교통",,"Y","N","N"
"J1102","주생활일반","J","J11","소분류","RELT_THEM00164","주택시장","RELT_THEM00154","Y","N","N"
"J1102","주생활일반","J","J11","중분류","RELT_THEM00154","부동산","RELT_THEM00084","Y","N","N"
"J1303","기타사회복지참고","J","J13","대분류","RELT_THEM00080","보건복지/교육",,"Y","N","N"
"J1303","기타사회복지참고","J","J13","소분류","RELT_THEM00211","보건복지정책","RELT_THEM00102","Y","N","N"
"J1303","기타사회복지참고","J","J13","중분류","RELT_THEM00102","보건복지일반","RELT_THEM00080","Y","N","N"
"K0101","환경정책일반","K","K01","대분류","RELT_THEM00082","환경/자원",,"Y","N","N"
"K0101","환경정책일반","K","K01","소분류","RELT_THEM00176","환경정책","RELT_THEM00175","Y","N","N"
"K0101","환경정책일반","K","K01","중분류","RELT_THEM00175","환경일반","RELT_THEM00082","Y","N","N"
"K0201","대기오염","K","K02","대분류","RELT_THEM00082","환경/자원",,"Y","N","N"
"K0201","대기오염","K","K02","소분류","RELT_THEM00179","대기환경","RELT_THEM00177","Y","N","N"
"K0201","대기오염","K","K02","중분류","RELT_THEM00177","대기환경관리","RELT_THEM00082","Y","N","N"
"K0202","수질오염(해양오염 포함)","K","K02","대분류","RELT_THEM00082","환경/자원",,"Y","N","N"
"K0202","수질오염(해양오염 포함)","K","K02","소분류","RELT_THEM00182","수질환경","RELT_THEM00181","Y","N","N"
"K0202","수질오염(해양오염 포함)","K","K02","중분류","RELT_THEM00181","물환경관리","RELT_THEM00082","Y","N","N"
"K0204","폐기물","K","K02","대분류","RELT_THEM00082","환경/자원",,"Y","N","N"
"K0204","폐기물","K","K02","소분류","RELT_THEM00185","폐기물","RELT_THEM00184","Y","N","N"
"K0204","폐기물","K","K02","중분류","RELT_THEM00184","자원순환","RELT_THEM00082","Y","N","N"
"K0206","공해일반","K","K02","대분류","RELT_THEM00082","환경/자원",,"Y","N","N"
"K0206","공해일반","K","K02","소분류","RELT_THEM00179","대기환경","RELT_THEM00177","Y","N","N"
"K0206","공해일반","K","K02","중분류","RELT_THEM00177","대기환경관리","RELT_THEM00082","Y","N","N"
"K0207","기후변화","K","K02","대분류","RELT_THEM00082","환경/자원",,"Y","N","N"
"K0207","기후변화","K","K02","소분류","RELT_THEM00180","기후변화","RELT_THEM00177","Y","N","N"
"K0207","기후변화","K","K02","중분류","RELT_THEM00177","대기환경관리","RELT_THEM00082","Y","N","N"
"K0301","재활용","K","K03","대분류","RELT_THEM00082","환경/자원",,"Y","N","N"
"K0301","재활용","K","K03","소분류","RELT_THEM00186","재활용","RELT_THEM00184","Y","N","N"
"K0301","재활용","K","K03","중분류","RELT_THEM00184","자원순환","RELT_THEM00082","Y","N","N"
"K0401","환경기술","K","K04","대분류","RELT_THEM00082","환경/자원",,"Y","N","N"
"K0401","환경기술","K","K04","소분류","RELT_THEM00278","환경산업","RELT_THEM00175","Y","N","N"
"K0401","환경기술","K","K04","중분류","RELT_THEM00175","환경일반","RELT_THEM00082","Y","N","N"
"K0501","환경보호","K","K05","대분류","RELT_THEM00082","환경/자원",,"Y","N","N"
"K0501","환경보호","K","K05","소분류","RELT_THEM00188","자연보전","RELT_THEM00187","Y","N","N"
"K0501","환경보호","K","K05","중분류","RELT_THEM00187","자연환경","RELT_THEM00082","Y","N","N"
"K0502","유해물질규제","K","K05","대분류","RELT_THEM00082","환경/자원",,"Y","N","N"
"K0502","유해물질규제","K","K05","소분류","RELT_THEM00263","화학물질관리","RELT_THEM00189","Y","N","N"
"K0502","유해물질규제","K","K05","중분류","RELT_THEM00189","환경보건","RELT_THEM00082","Y","N","N"
"K0503","수질관리 및 보호(음용수 포함)","K","K05","대분류","RELT_THEM00082","환경/자원",,"Y","N","N"
"K0503","수질관리 및 보호(음용수 포함)","K","K05","소분류","RELT_THEM00260","수자원","RELT_THEM00181","Y","N","N"
"K0503","수질관리 및 보호(음용수 포함)","K","K05","중분류","RELT_THEM00181","물환경관리","RELT_THEM00082","Y","N","N"
"K0603","환경참고자료","K","K06","대분류","RELT_THEM00082","환경/자원",,"Y","N","N"
"K0603","환경참고자료","K","K06","소분류","RELT_THEM00190","생활환경","RELT_THEM00189","Y","N","N"
"K0603","환경참고자료","K","K06","중분류","RELT_THEM00189","환경보건","RELT_THEM00082","Y","N","N"
"L0101","육상운송교통(도로, 철도 등)","L","L01","대분류","RELT_THEM00084","국토교통",,"Y","N","N"
"L0101","육상운송교통(도로, 철도 등)","L","L01","소분류","RELT_THEM00170","도로운영","RELT_THEM00158","Y","N","N"
"L0101","육상운송교통(도로, 철도 등)","L","L01","중분류","RELT_THEM00158","도로","RELT_THEM00084","Y","N","N"
"L0102","해상운송교통","L","L01","대분류","RELT_THEM00084","국토교통",,"Y","N","N"
"L0102","해상운송교통","L","L01","소분류","RELT_THEM00258","해운","RELT_THEM00257","Y","N","N"
"L0102","해상운송교통","L","L01","중분류","RELT_THEM00257","해운","RELT_THEM00084","Y","N","N"
"L0103","항공운송교통","L","L01","대분류","RELT_THEM00084","국토교통",,"Y","N","N"
"L0103","항공운송교통","L","L01","소분류","RELT_THEM00173","공항개발","RELT_THEM00160","Y","N","N"
"L0103","항공운송교통","L","L01","중분류","RELT_THEM00160","항공","RELT_THEM00084","Y","N","N"
"L0104","운송.물류(비용관련 포함)","L","L01","대분류","RELT_THEM00084","국토교통",,"Y","N","N"
"L0104","운송.물류(비용관련 포함)","L","L01","소분류","RELT_THEM00168","교통물류","RELT_THEM00157","Y","N","N"
"L0104","운송.물류(비용관련 포함)","L","L01","중분류","RELT_THEM00157","교통물류일반","RELT_THEM00084","Y","N","N"
"L0105","일반교통종합","L","L01","대분류","RELT_THEM00084","국토교통",,"Y","N","N"
"L0105","일반교통종합","L","L01","소분류","RELT_THEM00167","교통계획","RELT_THEM00157","Y","N","N"
"L0105","일반교통종합","L","L01","중분류","RELT_THEM00157","교통물류일반","RELT_THEM00084","Y","N","N"
"L0201","육상운송수단(자동차,지하철,기차 등)","L","L02","대분류","RELT_THEM00084","국토교통",,"Y","N","N"
"L0201","육상운송수단(자동차,지하철,기차 등)","L","L02","소분류","RELT_THEM00251","교통수단","RELT_THEM00158","Y","N","N"
"L0201","육상운송수단(자동차,지하철,기차 등)","L","L02","중분류","RELT_THEM00158","도로","RELT_THEM00084","Y","N","N"
"L0202","해상운송수단(선박 등)","L","L02","대분류","RELT_THEM00084","국토교통",,"Y","N","N"
"L0202","해상운송수단(선박 등)","L","L02","소분류","RELT_THEM00258","해운","RELT_THEM00257","Y","N","N"
"L0202","해상운송수단(선박 등)","L","L02","중분류","RELT_THEM00257","해운","RELT_THEM00084","Y","N","N"
"L0203","항공운송수단(비행기 등)","L","L02","대분류","RELT_THEM00084","국토교통",,"Y","N","N"
"L0203","항공운송수단(비행기 등)","L","L02","소분류","RELT_THEM00172","항공교통","RELT_THEM00160","Y","N","N"
"L0203","항공운송수단(비행기 등)","L","L02","중분류","RELT_THEM00160","항공","RELT_THEM00084","Y","N","N"
"L0204","교통수단종합","L","L02","대분류","RELT_THEM00084","국토교통",,"Y","N","N"
"L0204","교통수단종합","L","L02","소분류","RELT_THEM00251","교통수단","RELT_THEM00158","Y","N","N"
"L0204","교통수단종합","L","L02","중분류","RELT_THEM00158","도로","RELT_THEM00084","Y","N","N"
"L0403","교통참고자료","L","L04","대분류","RELT_THEM00084","국토교통",,"Y","N","N"
"L0403","교통참고자료","L","L04","소분류","RELT_THEM00167","교통계획","RELT_THEM00157","Y","N","N"
"L0403","교통참고자료","L","L04","중분류","RELT_THEM00157","교통물류일반","RELT_THEM00084","Y","N","N"
"M0101","토목.건설 일반","M","M01","대분류","RELT_THEM00084","국토교통",,"Y","N","N"
"M0101","토목.건설 일반","M","M01","소분류","RELT_THEM00166","건설산업","RELT_THEM00156","Y","N","N"
"M0101","토목.건설 일반","M","M01","중분류","RELT_THEM00156","건설","RELT_THEM00084","Y","N","N"
"M0201","국토종합계획","M","M02","대분류","RELT_THEM00084","국토교통",,"Y","N","N"
"M0201","국토종합계획","M","M02","소분류","RELT_THEM00162","국토계획","RELT_THEM00152","Y","N","N"
"M0201","국토종합계획","M","M02","중분류","RELT_THEM00152","국토일반","RELT_THEM00084","Y","N","N"
"M0202","국토계획참고","M","M02","대분류","RELT_THEM00084","국토교통",,"Y","N","N"
"M0202","국토계획참고","M","M02","소분류","RELT_THEM00247","건축경관","RELT_THEM00153","Y","N","N"
"M0202","국토계획참고","M","M02","중분류","RELT_THEM00153","도시·건축","RELT_THEM00084","Y","N","N"
"M0301","도시계획","M","M03","대분류","RELT_THEM00084","국토교통",,"Y","N","N"
"M0301","도시계획","M","M03","소분류","RELT_THEM00163","도시계획","RELT_THEM00153","Y","N","N"
"M0301","도시계획","M","M03","중분류","RELT_THEM00153","도시·건축","RELT_THEM00084","Y","N","N"
"M0302","택지개발","M","M03","대분류","RELT_THEM00084","국토교통",,"Y","N","N"
"M0302","택지개발","M","M03","소분류","RELT_THEM00245","산업입지","RELT_THEM00152","Y","N","N"
"M0302","택지개발","M","M03","중분류","RELT_THEM00152","국토일반","RELT_THEM00084","Y","N","N"
"M0303","기타도시개발","M","M03","대분류","RELT_THEM00084","국토교통",,"Y","N","N"
"M0303","기타도시개발","M","M03","소분류","RELT_THEM00163","도시계획","RELT_THEM00153","Y","N","N"
"M0303","기타도시개발","M","M03","중분류","RELT_THEM00153","도시·건축","RELT_THEM00084","Y","N","N"
"M0401","서울.경기지역(광역시포함)","M","M04","대분류","RELT_THEM00001","거시경제/재정",,"Y","N","N"
"M0401","서울.경기지역(광역시포함)","M","M04","소분류","RELT_THEM00032","지역개발","RELT_THEM00010","Y","N","N"
"M0401","서울.경기지역(광역시포함)","M","M04","중분류","RELT_THEM00010","지역경제","RELT_THEM00001","Y","N","N"
"M0402","강원.충청지역(광역시포함)","M","M04","대분류","RELT_THEM00001","거시경제/재정",,"Y","N","N"
"M0402","강원.충청지역(광역시포함)","M","M04","소분류","RELT_THEM00032","지역개발","RELT_THEM00010","Y","N","N"
"M0402","강원.충청지역(광역시포함)","M","M04","중분류","RELT_THEM00010","지역경제","RELT_THEM00001","Y","N","N"
"M0403","경상.제주지역(광역시포함)","M","M04","대분류","RELT_THEM00001","거시경제/재정",,"Y","N","N"
"M0403","경상.제주지역(광역시포함)","M","M04","소분류","RELT_THEM00032","지역개발","RELT_THEM00010","Y","N","N"
"M0403","경상.제주지역(광역시포함)","M","M04","중분류","RELT_THEM00010","지역경제","RELT_THEM00001","Y","N","N"
"M0404","전라지역(광역시포함)","M","M04","대분류","RELT_THEM00001","거시경제/재정",,"Y","N","N"
"M0404","전라지역(광역시포함)","M","M04","소분류","RELT_THEM00032","지역개발","RELT_THEM00010","Y","N","N"
"M0404","전라지역(광역시포함)","M","M04","중분류","RELT_THEM00010","지역경제","RELT_THEM00001","Y","N","N"
"M0405","지역개발일반","M","M04","대분류","RELT_THEM00001","거시경제/재정",,"Y","N","N"
"M0405","지역개발일반","M","M04","소분류","RELT_THEM00032","지역개발","RELT_THEM00010","Y","N","N"
"M0405","지역개발일반","M","M04","중분류","RELT_THEM00010","지역경제","RELT_THEM00001","Y","N","N"
"M0501","주택.상가","M","M05","대분류","RELT_THEM00084","국토교통",,"Y","N","N"
"M0501","주택.상가","M","M05","소분류","RELT_THEM00164","주택시장","RELT_THEM00154","Y","N","N"
"M0501","주택.상가","M","M05","중분류","RELT_THEM00154","부동산","RELT_THEM00084","Y","N","N"
"M0502","토지","M","M05","대분류","RELT_THEM00084","국토교통",,"Y","N","N"
"M0502","토지","M","M05","소분류","RELT_THEM00248","토지","RELT_THEM00154","Y","N","N"
"M0502","토지","M","M05","중분류","RELT_THEM00154","부동산","RELT_THEM00084","Y","N","N"
"M0503","주거관련건설","M","M05","대분류","RELT_THEM00084","국토교통",,"Y","N","N"
"M0503","주거관련건설","M","M05","소분류","RELT_THEM00255","주거계획","RELT_THEM00154","Y","N","N"
"M0503","주거관련건설","M","M05","중분류","RELT_THEM00154","부동산","RELT_THEM00084","Y","N","N"
"M0601","도로","M","M06","대분류","RELT_THEM00084","국토교통",,"Y","N","N"
"M0601","도로","M","M06","소분류","RELT_THEM00169","도로건설","RELT_THEM00158","Y","N","N"
"M0601","도로","M","M06","중분류","RELT_THEM00158","도로","RELT_THEM00084","Y","N","N"
"M0602","항만","M","M06","대분류","RELT_THEM00084","국토교통",,"Y","N","N"
"M0602","항만","M","M06","소분류","RELT_THEM00259","항만개발","RELT_THEM00257","Y","N","N"
"M0602","항만","M","M06","중분류","RELT_THEM00257","해운","RELT_THEM00084","Y","N","N"
"M0603","철도","M","M06","대분류","RELT_THEM00084","국토교통",,"Y","N","N"
"M0603","철도","M","M06","소분류","RELT_THEM00252","도시철도","RELT_THEM00159","Y","N","N"
"M0603","철도","M","M06","중분류","RELT_THEM00159","철도","RELT_THEM00084","Y","N","N"
"M0604","상하수도건설","M","M06","대분류","RELT_THEM00082","환경/자원",,"Y","N","N"
"M0604","상하수도건설","M","M06","소분류","RELT_THEM00183","상하수도","RELT_THEM00181","Y","N","N"
"M0604","상하수도건설","M","M06","중분류","RELT_THEM00181","물환경관리","RELT_THEM00082","Y","N","N"
"M0605","전력건설","M","M06","대분류","RELT_THEM00082","환경/자원",,"Y","N","N"
"M0605","전력건설","M","M06","소분류","RELT_THEM00268","전력","RELT_THEM00267","Y","N","N"
"M0605","전력건설","M","M06","중분류","RELT_THEM00267","에너지","RELT_THEM00082","Y","N","N"
"M0606","기타사회간접자본","M","M06","대분류","RELT_THEM00084","국토교통",,"Y","N","N"
"M0606","기타사회간접자본","M","M06","소분류","RELT_THEM00169","도로건설","RELT_THEM00158","Y","N","N"
"M0606","기타사회간접자본","M","M06","중분류","RELT_THEM00158","도로","RELT_THEM00084","Y","N","N"
"M0703","건설참고자료","M","M07","대분류","RELT_THEM00084","국토교통",,"Y","N","N"
"M0703","건설참고자료","M","M07","소분류","RELT_THEM00246","국토정보","RELT_THEM00152","Y","N","N"
"M0703","건설참고자료","M","M07","중분류","RELT_THEM00152","국토일반","RELT_THEM00084","Y","N","N"
"N0101","지역경제일반","N","N01","대분류","RELT_THEM00001","거시경제/재정",,"Y","N","N"
"N0101","지역경제일반","N","N01","소분류","RELT_THEM00076","지역산업육성","RELT_THEM00010","Y","N","N"
"N0101","지역경제일반","N","N01","중분류","RELT_THEM00010","지역경제","RELT_THEM00001","Y","N","N"
"N0201","서울특별시,제주도","N","N02","대분류","RELT_THEM00001","거시경제/재정",,"Y","N","N"
"N0201","서울특별시,제주도","N","N02","소분류","RELT_THEM00077","시도협의회","RELT_THEM00010","Y","N","N"
"N0201","서울특별시,제주도","N","N02","중분류","RELT_THEM00010","지역경제","RELT_THEM00001","Y","N","N"
"N0202","광역시","N","N02","대분류","RELT_THEM00001","거시경제/재정",,"Y","N","N"
"N0202","광역시","N","N02","소분류","RELT_THEM00077","시도협의회","RELT_THEM00010","Y","N","N"
"N0202","광역시","N","N02","중분류","RELT_THEM00010","지역경제","RELT_THEM00001","Y","N","N"
"N0203","강원도,경기도","N","N02","대분류","RELT_THEM00001","거시경제/재정",,"Y","N","N"
"N0203","강원도,경기도","N","N02","소분류","RELT_THEM00077","시도협의회","RELT_THEM00010","Y","N","N"
"N0203","강원도,경기도","N","N02","중분류","RELT_THEM00010","지역경제","RELT_THEM00001","Y","N","N"
"N0204","충청남북도","N","N02","대분류","RELT_THEM00001","거시경제/재정",,"Y","N","N"
"N0204","충청남북도","N","N02","소분류","RELT_THEM00077","시도협의회","RELT_THEM00010","Y","N","N"
"N0204","충청남북도","N","N02","중분류","RELT_THEM00010","지역경제","RELT_THEM00001","Y","N","N"
"N0205","경상남북도","N","N02","대분류","RELT_THEM00001","거시경제/재정",,"Y","N","N"
"N0205","경상남북도","N","N02","소분류","RELT_THEM00077","시도협의회","RELT_THEM00010","Y","N","N"
"N0205","경상남북도","N","N02","중분류","RELT_THEM00010","지역경제","RELT_THEM00001","Y","N","N"
"N0206","전라남북도","N","N02","대분류","RELT_THEM00001","거시경제/재정",,"Y","N","N"
"N0206","전라남북도","N","N02","소분류","RELT_THEM00077","시도협의회","RELT_THEM00010","Y","N","N"
"N0206","전라남북도","N","N02","중분류","RELT_THEM00010","지역경제","RELT_THEM00001","Y","N","N"
"N0207","복합지역자료","N","N02","대분류","RELT_THEM00001","거시경제/재정",,"Y","N","N"
"N0207","복합지역자료","N","N02","소분류","RELT_THEM00076","지역산업육성","RELT_THEM00010","Y","N","N"
"N0207","복합지역자료","N","N02","중분류","RELT_THEM00010","지역경제","RELT_THEM00001","Y","N","N"
"N0303","지역경제참고자료","N","N03","대분류","RELT_THEM00001","거시경제/재정",,"Y","N","N"
"N0303","지역경제참고자료","N","N03","소분류","RELT_THEM00076","지역산업육성","RELT_THEM00010","Y","N","N"
"N0303","지역경제참고자료","N","N03","중분류","RELT_THEM00010","지역경제","RELT_THEM00001","Y","N","N"
"O0101","남북경협","O","O01","대분류","RELT_THEM00001","거시경제/재정",,"Y","N","N"
"O0101","남북경협","O","O01","소분류","RELT_THEM00018","남북경협","RELT_THEM00006","Y","N","N"
"O0101","남북경협","O","O01","중분류","RELT_THEM00006","대외경제","RELT_THEM00001","Y","N","N"
"O0201","북한경제","O","O02","대분류","RELT_THEM00001","거시경제/재정",,"Y","N","N"
"O0201","북한경제","O","O02","소분류","RELT_THEM00018","남북경협","RELT_THEM00006","Y","N","N"
"O0201","북한경제","O","O02","중분류","RELT_THEM00006","대외경제","RELT_THEM00001","Y","N","N"
"O0202","북한일반","O","O02","대분류","RELT_THEM00001","거시경제/재정",,"Y","N","N"
"O0202","북한일반","O","O02","소분류","RELT_THEM00018","남북경협","RELT_THEM00006","Y","N","N"
"O0202","북한일반","O","O02","중분류","RELT_THEM00006","대외경제","RELT_THEM00001","Y","N","N"
"O0303","북한참고자료","O","O03","대분류","RELT_THEM00001","거시경제/재정",,"Y","N","N"
"O0303","북한참고자료","O","O03","소분류","RELT_THEM00018","남북경협","RELT_THEM00006","Y","N","N"
"O0303","북한참고자료","O","O03","중분류","RELT_THEM00006","대외경제","RELT_THEM00001","Y","N","N"
"P0101","세계경제일반","P","P01","대분류","RELT_THEM00001","거시경제/재정",,"Y","N","N"
"P0101","세계경제일반","P","P01","소분류","RELT_THEM00019","대외경제협력","RELT_THEM00006","Y","N","N"
"P0101","세계경제일반","P","P01","중분류","RELT_THEM00006","대외경제","RELT_THEM00001","Y","N","N"
"P0201","세계무역기구(WTO)","P","P02","대분류","RELT_THEM00078","산업/무역/공정거래",,"Y","N","N"
"P0201","세계무역기구(WTO)","P","P02","소분류","RELT_THEM00129","수출입·통상","RELT_THEM00091","Y","N","N"
"P0201","세계무역기구(WTO)","P","P02","중분류","RELT_THEM00091","무역일반","RELT_THEM00078","Y","N","N"
"P0202","유럽연합(EU)","P","P02","대분류","RELT_THEM00001","거시경제/재정",,"Y","N","N"
"P0202","유럽연합(EU)","P","P02","소분류","RELT_THEM00019","대외경제협력","RELT_THEM00006","Y","N","N"
"P0202","유럽연합(EU)","P","P02","중분류","RELT_THEM00006","대외경제","RELT_THEM00001","Y","N","N"
"P0203","경제협력개발기구(OECD)","P","P02","대분류","RELT_THEM00001","거시경제/재정",,"Y","N","N"
"P0203","경제협력개발기구(OECD)","P","P02","소분류","RELT_THEM00019","대외경제협력","RELT_THEM00006","Y","N","N"
"P0203","경제협력개발기구(OECD)","P","P02","중분류","RELT_THEM00006","대외경제","RELT_THEM00001","Y","N","N"
"P0204","아시아.유럽 정상회의(ASEM)","P","P02","대분류","RELT_THEM00001","거시경제/재정",,"Y","N","N"
"P0204","아시아.유럽 정상회의(ASEM)","P","P02","소분류","RELT_THEM00019","대외경제협력","RELT_THEM00006","Y","N","N"
"P0204","아시아.유럽 정상회의(ASEM)","P","P02","중분류","RELT_THEM00006","대외경제","RELT_THEM00001","Y","N","N"
"P0205","기타경제기구","P","P02","대분류","RELT_THEM00001","거시경제/재정",,"Y","N","N"
"P0205","기타경제기구","P","P02","소분류","RELT_THEM00019","대외경제협력","RELT_THEM00006","Y","N","N"
"P0205","기타경제기구","P","P02","중분류","RELT_THEM00006","대외경제","RELT_THEM00001","Y","N","N"
"P0301","미국","P","P03","대분류","RELT_THEM00078","산업/무역/공정거래",,"Y","N","N"
"P0301","미국","P","P03","소분류","RELT_THEM00131","미주","RELT_THEM00093","Y","N","N"
"P0301","미국","P","P03","중분류","RELT_THEM00093","FTA","RELT_THEM00078","Y","N","N"
"P0302","일본","P","P03","대분류","RELT_THEM00078","산업/무역/공정거래",,"Y","N","N"
"P0302","일본","P","P03","소분류","RELT_THEM00133","유럽아시아 등","RELT_THEM00093","Y","N","N"
"P0302","일본","P","P03","중분류","RELT_THEM00093","FTA","RELT_THEM00078","Y","N","N"
"P0303","중국","P","P03","대분류","RELT_THEM00078","산업/무역/공정거래",,"Y","N","N"
"P0303","중국","P","P03","소분류","RELT_THEM00133","유럽아시아 등","RELT_THEM00093","Y","N","N"
"P0303","중국","P","P03","중분류","RELT_THEM00093","FTA","RELT_THEM00078","Y","N","N"
"P0304","독립국가연합","P","P03","대분류","RELT_THEM00078","산업/무역/공정거래",,"Y","N","N"
"P0304","독립국가연합","P","P03","소분류","RELT_THEM00133","유럽아시아 등","RELT_THEM00093","Y","N","N"
"P0304","독립국가연합","P","P03","중분류","RELT_THEM00093","FTA","RELT_THEM00078","Y","N","N"
"P0305","유럽(동구권 포함)","P","P03","대분류","RELT_THEM00078","산업/무역/공정거래",,"Y","N","N"
"P0305","유럽(동구권 포함)","P","P03","소분류","RELT_THEM00133","유럽아시아 등","RELT_THEM00093","Y","N","N"
"P0305","유럽(동구권 포함)","P","P03","중분류","RELT_THEM00093","FTA","RELT_THEM00078","Y","N","N"
"P0306","동남아시아","P","P03","대분류","RELT_THEM00078","산업/무역/공정거래",,"Y","N","N"
"P0306","동남아시아","P","P03","소분류","RELT_THEM00133","유럽아시아 등","RELT_THEM00093","Y","N","N"
"P0306","동남아시아","P","P03","중분류","RELT_THEM00093","FTA","RELT_THEM00078","Y","N","N"
"P0307","기타아시아","P","P03","대분류","RELT_THEM00078","산업/무역/공정거래",,"Y","N","N"
"P0307","기타아시아","P","P03","소분류","RELT_THEM00133","유럽아시아 등","RELT_THEM00093","Y","N","N"
"P0307","기타아시아","P","P03","중분류","RELT_THEM00093","FTA","RELT_THEM00078","Y","N","N"
"P0308","중남미제국","P","P03","대분류","RELT_THEM00078","산업/무역/공정거래",,"Y","N","N"
"P0308","중남미제국","P","P03","소분류","RELT_THEM00133","유럽아시아 등","RELT_THEM00093","Y","N","N"
"P0308","중남미제국","P","P03","중분류","RELT_THEM00093","FTA","RELT_THEM00078","Y","N","N"
"P0309","기타국","P","P03","대분류","RELT_THEM00078","산업/무역/공정거래",,"Y","N","N"
"P0309","기타국","P","P03","소분류","RELT_THEM00133","유럽아시아 등","RELT_THEM00093","Y","N","N"
"P0309","기타국","P","P03","중분류","RELT_THEM00093","FTA","RELT_THEM00078","Y","N","N"
