"테마코드","테마명","상위코드","깊이","계층","대분류코드","대분류명","중분류코드","중분류명","소분류코드","소분류명","이름경로","사용여부","순서"
"RELT_THEM00001","거시경제/재정",,"1","대분류","RELT_THEM00001"," ",," 거시경제/재정",,," > 거시경제/재정","Y","1"
"RELT_THEM00003","경제정책일반","RELT_THEM00001","2","중분류","RELT_THEM00001"," ","RELT_THEM00003"," 거시경제/재정 ",," 경제정책일반"," > 거시경제/재정 > 경제정책일반","Y","1"
"RELT_THEM00011","경제정책방향","RELT_THEM00003","3","소분류","RELT_THEM00001"," ","RELT_THEM00003"," 거시경제/재정 ","RELT_THEM00011"," 경제정책일반 "," > 거시경제/재정 > 경제정책일반 > 경제정책방향","Y","1"
"RELT_THEM00012","무역투자진흥회의","RELT_THEM00003","3","소분류","RELT_THEM00001"," ","RELT_THEM00003"," 거시경제/재정 ","RELT_THEM00012"," 경제정책일반 "," > 거시경제/재정 > 경제정책일반 > 무역투자진흥회의","Y","3"
"RELT_THEM00013","경제일반","RELT_THEM00003","3","소분류","RELT_THEM00001"," ","RELT_THEM00003"," 거시경제/재정 ","RELT_THEM00013"," 경제정책일반 "," > 거시경제/재정 > 경제정책일반 > 경제일반","Y","4"
"RELT_THEM00085","경제관계장관회의","RELT_THEM00003","3","소분류","RELT_THEM00001"," ","RELT_THEM00003"," 거시경제/재정 ","RELT_THEM00085"," 경제정책일반 "," > 거시경제/재정 > 경제정책일반 > 경제관계장관회의","Y","2"
"RELT_THEM00004","공공기관","RELT_THEM00001","2","중분류","RELT_THEM00001"," ","RELT_THEM00004"," 거시경제/재정 ",," 공공기관"," > 거시경제/재정 > 공공기관","Y","6"
"RELT_THEM00014","공공기관운영","RELT_THEM00004","3","소분류","RELT_THEM00001"," ","RELT_THEM00004"," 거시경제/재정 ","RELT_THEM00014"," 공공기관 "," > 거시경제/재정 > 공공기관 > 공공기관운영","Y","1"
"RELT_THEM00005","국고","RELT_THEM00001","2","중분류","RELT_THEM00001"," ","RELT_THEM00005"," 거시경제/재정 ",," 국고"," > 거시경제/재정 > 국고","Y","3"
"RELT_THEM00015","계약제도","RELT_THEM00005","3","소분류","RELT_THEM00001"," ","RELT_THEM00005"," 거시경제/재정 ","RELT_THEM00015"," 국고 "," > 거시경제/재정 > 국고 > 계약제도","Y","1"
"RELT_THEM00016","국유재산","RELT_THEM00005","3","소분류","RELT_THEM00001"," ","RELT_THEM00005"," 거시경제/재정 ","RELT_THEM00016"," 국고 "," > 거시경제/재정 > 국고 > 국유재산","Y","2"
"RELT_THEM00017","국고채","RELT_THEM00005","3","소분류","RELT_THEM00001"," ","RELT_THEM00005"," 거시경제/재정 ","RELT_THEM00017"," 국고 "," > 거시경제/재정 > 국고 > 국고채","Y","3"
"RELT_THEM00006","대외경제","RELT_THEM00001","2","중분류","RELT_THEM00001"," ","RELT_THEM00006"," 거시경제/재정 ",," 대외경제"," > 거시경제/재정 > 대외경제","Y","7"
"RELT_THEM00018","남북경협","RELT_THEM00006","3","소분류","RELT_THEM00001"," ","RELT_THEM00006"," 거시경제/재정 ","RELT_THEM00018"," 대외경제 "," > 거시경제/재정 > 대외경제 > 남북경협","Y","1"
"RELT_THEM00019","대외경제협력","RELT_THEM00006","3","소분류","RELT_THEM00001"," ","RELT_THEM00006"," 거시경제/재정 ","RELT_THEM00019"," 대외경제 "," > 거시경제/재정 > 대외경제 > 대외경제협력","Y","2"
"RELT_THEM00291","국제개발협력","RELT_THEM00006","3","소분류","RELT_THEM00001"," ","RELT_THEM00006"," 거시경제/재정 ","RELT_THEM00291"," 대외경제 "," > 거시경제/재정 > 대외경제 > 국제개발협력","Y","3"
"RELT_THEM00007","예산·결산","RELT_THEM00001","2","중분류","RELT_THEM00001"," ","RELT_THEM00007"," 거시경제/재정 ",," 예산·결산"," > 거시경제/재정 > 예산·결산","Y","2"
"RELT_THEM00021","결산","RELT_THEM00007","3","소분류","RELT_THEM00001"," ","RELT_THEM00007"," 거시경제/재정 ","RELT_THEM00021"," 예산·결산 "," > 거시경제/재정 > 예산·결산 > 결산","Y","3"
"RELT_THEM00022","예 · 결산제도","RELT_THEM00007","3","소분류","RELT_THEM00001"," ","RELT_THEM00007"," 거시경제/재정 ","RELT_THEM00022"," 예산·결산 "," > 거시경제/재정 > 예산·결산 > 예 · 결산제도","Y","2"
"RELT_THEM00023","예산&#40;안&#41;","RELT_THEM00007","3","소분류","RELT_THEM00001"," ","RELT_THEM00007"," 거시경제/재정 ","RELT_THEM00023"," 예산·결산 "," > 거시경제/재정 > 예산·결산 > 예산&#40;안&#41;","Y","1"
"RELT_THEM00008","재정","RELT_THEM00001","2","중분류","RELT_THEM00001"," ","RELT_THEM00008"," 거시경제/재정 ",," 재정"," > 거시경제/재정 > 재정","Y","4"
"RELT_THEM00025","민간투자","RELT_THEM00008","3","소분류","RELT_THEM00001"," ","RELT_THEM00008"," 거시경제/재정 ","RELT_THEM00025"," 재정 "," > 거시경제/재정 > 재정 > 민간투자","Y","3"
"RELT_THEM00026","재정사업평가","RELT_THEM00008","3","소분류","RELT_THEM00001"," ","RELT_THEM00008"," 거시경제/재정 ","RELT_THEM00026"," 재정 "," > 거시경제/재정 > 재정 > 재정사업평가","Y","2"
"RELT_THEM00027","재정집행","RELT_THEM00008","3","소분류","RELT_THEM00001"," ","RELT_THEM00008"," 거시경제/재정 ","RELT_THEM00027"," 재정 "," > 거시경제/재정 > 재정 > 재정집행","Y","4"
"RELT_THEM00028","재정일반","RELT_THEM00008","3","소분류","RELT_THEM00001"," ","RELT_THEM00008"," 거시경제/재정 ","RELT_THEM00028"," 재정 "," > 거시경제/재정 > 재정 > 재정일반","Y","1"
"RELT_THEM00009","조세","RELT_THEM00001","2","중분류","RELT_THEM00001"," ","RELT_THEM00009"," 거시경제/재정 ",," 조세"," > 거시경제/재정 > 조세","Y","5"
"RELT_THEM00029","관세","RELT_THEM00009","3","소분류","RELT_THEM00001"," ","RELT_THEM00009"," 거시경제/재정 ","RELT_THEM00029"," 조세 "," > 거시경제/재정 > 조세 > 관세","Y","4"
"RELT_THEM00030","국세","RELT_THEM00009","3","소분류","RELT_THEM00001"," ","RELT_THEM00009"," 거시경제/재정 ","RELT_THEM00030"," 조세 "," > 거시경제/재정 > 조세 > 국세","Y","3"
"RELT_THEM00031","세법개정","RELT_THEM00009","3","소분류","RELT_THEM00001"," ","RELT_THEM00009"," 거시경제/재정 ","RELT_THEM00031"," 조세 "," > 거시경제/재정 > 조세 > 세법개정","Y","2"
"RELT_THEM00286","조세일반","RELT_THEM00009","3","소분류","RELT_THEM00001"," ","RELT_THEM00009"," 거시경제/재정 ","RELT_THEM00286"," 조세 "," > 거시경제/재정 > 조세 > 조세일반","Y","1"
"RELT_THEM00010","지역경제","RELT_THEM00001","2","중분류","RELT_THEM00001"," ","RELT_THEM00010"," 거시경제/재정 ",," 지역경제"," > 거시경제/재정 > 지역경제","Y","8"
"RELT_THEM00032","지역개발","RELT_THEM00010","3","소분류","RELT_THEM00001"," ","RELT_THEM00010"," 거시경제/재정 ","RELT_THEM00032"," 지역경제 "," > 거시경제/재정 > 지역경제 > 지역개발","Y","1"
"RELT_THEM00076","지역산업육성","RELT_THEM00010","3","소분류","RELT_THEM00001"," ","RELT_THEM00010"," 거시경제/재정 ","RELT_THEM00076"," 지역경제 "," > 거시경제/재정 > 지역경제 > 지역산업육성","Y","2"
"RELT_THEM00077","시도협의회","RELT_THEM00010","3","소분류","RELT_THEM00001"," ","RELT_THEM00010"," 거시경제/재정 ","RELT_THEM00077"," 지역경제 "," > 거시경제/재정 > 지역경제 > 시도협의회","Y","3"
"RELT_THEM00073","물가","RELT_THEM00001","2","중분류","RELT_THEM00001"," ","RELT_THEM00073"," 거시경제/재정 ",," 물가"," > 거시경제/재정 > 물가","Y","9"
"RELT_THEM00074","가계물가","RELT_THEM00073","3","소분류","RELT_THEM00001"," ","RELT_THEM00073"," 거시경제/재정 ","RELT_THEM00074"," 물가 "," > 거시경제/재정 > 물가 > 가계물가","Y","1"
"RELT_THEM00002","금융통화",,"1","대분류","RELT_THEM00002"," ",," 금융통화",,," > 금융통화","Y","2"
"RELT_THEM00033","국제금융","RELT_THEM00002","2","중분류","RELT_THEM00002"," ","RELT_THEM00033"," 금융통화 ",," 국제금융"," > 금융통화 > 국제금융","Y","5"
"RELT_THEM00040","금융협력","RELT_THEM00033","3","소분류","RELT_THEM00002"," ","RELT_THEM00033"," 금융통화 ","RELT_THEM00040"," 국제금융 "," > 금융통화 > 국제금융 > 금융협력","Y","3"
"RELT_THEM00041","국제투자","RELT_THEM00033","3","소분류","RELT_THEM00002"," ","RELT_THEM00033"," 금융통화 ","RELT_THEM00041"," 국제금융 "," > 금융통화 > 국제금융 > 국제투자","Y","2"
"RELT_THEM00042","외환","RELT_THEM00033","3","소분류","RELT_THEM00002"," ","RELT_THEM00033"," 금융통화 ","RELT_THEM00042"," 국제금융 "," > 금융통화 > 국제금융 > 외환","Y","1"
"RELT_THEM00034","금융일반","RELT_THEM00002","2","중분류","RELT_THEM00002"," ","RELT_THEM00034"," 금융통화 ",," 금융일반"," > 금융통화 > 금융일반","Y","1"
"RELT_THEM00043","금융시장","RELT_THEM00034","3","소분류","RELT_THEM00002"," ","RELT_THEM00034"," 금융통화 ","RELT_THEM00043"," 금융일반 "," > 금융통화 > 금융일반 > 금융시장","Y","2"
"RELT_THEM00044","금융제도","RELT_THEM00034","3","소분류","RELT_THEM00002"," ","RELT_THEM00034"," 금융통화 ","RELT_THEM00044"," 금융일반 "," > 금융통화 > 금융일반 > 금융제도","Y","1"
"RELT_THEM00045","산업금융","RELT_THEM00034","3","소분류","RELT_THEM00002"," ","RELT_THEM00034"," 금융통화 ","RELT_THEM00045"," 금융일반 "," > 금융통화 > 금융일반 > 산업금융","Y","3"
"RELT_THEM00035","보험","RELT_THEM00002","2","중분류","RELT_THEM00002"," ","RELT_THEM00035"," 금융통화 ",," 보험"," > 금융통화 > 보험","Y","3"
"RELT_THEM00046","보험제도","RELT_THEM00035","3","소분류","RELT_THEM00002"," ","RELT_THEM00035"," 금융통화 ","RELT_THEM00046"," 보험 "," > 금융통화 > 보험 > 보험제도","Y","1"
"RELT_THEM00047","민영보험","RELT_THEM00035","3","소분류","RELT_THEM00002"," ","RELT_THEM00035"," 금융통화 ","RELT_THEM00047"," 보험 "," > 금융통화 > 보험 > 민영보험","Y","2"
"RELT_THEM00036","은행","RELT_THEM00002","2","중분류","RELT_THEM00002"," ","RELT_THEM00036"," 금융통화 ",," 은행"," > 금융통화 > 은행","Y","2"
"RELT_THEM00050","은행업","RELT_THEM00036","3","소분류","RELT_THEM00002"," ","RELT_THEM00036"," 금융통화 ","RELT_THEM00050"," 은행 "," > 금융통화 > 은행 > 은행업","Y","1"
"RELT_THEM00051","은행제도","RELT_THEM00036","3","소분류","RELT_THEM00002"," ","RELT_THEM00036"," 금융통화 ","RELT_THEM00051"," 은행 "," > 금융통화 > 은행 > 은행제도","Y","2"
"RELT_THEM00052","전자금융","RELT_THEM00036","3","소분류","RELT_THEM00002"," ","RELT_THEM00036"," 금융통화 ","RELT_THEM00052"," 은행 "," > 금융통화 > 은행 > 전자금융","Y","3"
"RELT_THEM00037","자본시장","RELT_THEM00002","2","중분류","RELT_THEM00002"," ","RELT_THEM00037"," 금융통화 ",," 자본시장"," > 금융통화 > 자본시장","Y","4"
"RELT_THEM00053","회계공시","RELT_THEM00037","3","소분류","RELT_THEM00002"," ","RELT_THEM00037"," 금융통화 ","RELT_THEM00053"," 자본시장 "," > 금융통화 > 자본시장 > 회계공시","Y","3"
"RELT_THEM00054","자산운용","RELT_THEM00037","3","소분류","RELT_THEM00002"," ","RELT_THEM00037"," 금융통화 ","RELT_THEM00054"," 자본시장 "," > 금융통화 > 자본시장 > 자산운용","Y","2"
"RELT_THEM00055","증권일반","RELT_THEM00037","3","소분류","RELT_THEM00002"," ","RELT_THEM00037"," 금융통화 ","RELT_THEM00055"," 자본시장 "," > 금융통화 > 자본시장 > 증권일반","Y","1"
"RELT_THEM00038","중소서민금융","RELT_THEM00002","2","중분류","RELT_THEM00002"," ","RELT_THEM00038"," 금융통화 ",," 중소서민금융"," > 금융통화 > 중소서민금융","Y","6"
"RELT_THEM00057","서민금융","RELT_THEM00038","3","소분류","RELT_THEM00002"," ","RELT_THEM00038"," 금융통화 ","RELT_THEM00057"," 중소서민금융 "," > 금융통화 > 중소서민금융 > 서민금융","Y","2"
"RELT_THEM00058","신용카드","RELT_THEM00038","3","소분류","RELT_THEM00002"," ","RELT_THEM00038"," 금융통화 ","RELT_THEM00058"," 중소서민금융 "," > 금융통화 > 중소서민금융 > 신용카드","Y","4"
"RELT_THEM00059","중소금융","RELT_THEM00038","3","소분류","RELT_THEM00002"," ","RELT_THEM00038"," 금융통화 ","RELT_THEM00059"," 중소서민금융 "," > 금융통화 > 중소서민금융 > 중소금융","Y","1"
"RELT_THEM00075","금융소비자","RELT_THEM00038","3","소분류","RELT_THEM00002"," ","RELT_THEM00038"," 금융통화 ","RELT_THEM00075"," 중소서민금융 "," > 금융통화 > 중소서민금융 > 금융소비자","Y","3"
"RELT_THEM00039","통화일반","RELT_THEM00002","2","중분류","RELT_THEM00002"," ","RELT_THEM00039"," 금융통화 ",," 통화일반"," > 금융통화 > 통화일반","Y","7"
"RELT_THEM00060","통화정책","RELT_THEM00039","3","소분류","RELT_THEM00002"," ","RELT_THEM00039"," 금융통화 ","RELT_THEM00060"," 통화일반 "," > 금융통화 > 통화일반 > 통화정책","Y","1"
"RELT_THEM00078","산업/무역/공정거래",,"1","대분류","RELT_THEM00078"," ",," 산업/무역/공정거래",,," > 산업/무역/공정거래","Y","3"
"RELT_THEM00086","산업일반","RELT_THEM00078","2","중분류","RELT_THEM00078"," ","RELT_THEM00086"," 산업/무역/공정거래 ",," 산업일반"," > 산업/무역/공정거래 > 산업일반","Y","1"
"RELT_THEM00120","산업정책","RELT_THEM00086","3","소분류","RELT_THEM00078"," ","RELT_THEM00086"," 산업/무역/공정거래 ","RELT_THEM00120"," 산업일반 "," > 산업/무역/공정거래 > 산업일반 > 산업정책","Y","1"
"RELT_THEM00241","산업기술","RELT_THEM00086","3","소분류","RELT_THEM00078"," ","RELT_THEM00086"," 산업/무역/공정거래 ","RELT_THEM00241"," 산업일반 "," > 산업/무역/공정거래 > 산업일반 > 산업기술","Y","2"
"RELT_THEM00087","제조업","RELT_THEM00078","2","중분류","RELT_THEM00078"," ","RELT_THEM00087"," 산업/무역/공정거래 ",," 제조업"," > 산업/무역/공정거래 > 제조업","Y","2"
"RELT_THEM00121","소재부품","RELT_THEM00087","3","소분류","RELT_THEM00078"," ","RELT_THEM00087"," 산업/무역/공정거래 ","RELT_THEM00121"," 제조업 "," > 산업/무역/공정거래 > 제조업 > 소재부품","Y","2"
"RELT_THEM00122","시스템산업","RELT_THEM00087","3","소분류","RELT_THEM00078"," ","RELT_THEM00087"," 산업/무역/공정거래 ","RELT_THEM00122"," 제조업 "," > 산업/무역/공정거래 > 제조업 > 시스템산업","Y","3"
"RELT_THEM00242","제조업일반","RELT_THEM00087","3","소분류","RELT_THEM00078"," ","RELT_THEM00087"," 산업/무역/공정거래 ","RELT_THEM00242"," 제조업 "," > 산업/무역/공정거래 > 제조업 > 제조업일반","Y","1"
"RELT_THEM00088","서비스업","RELT_THEM00078","2","중분류","RELT_THEM00078"," ","RELT_THEM00088"," 산업/무역/공정거래 ",," 서비스업"," > 산업/무역/공정거래 > 서비스업","Y","3"
"RELT_THEM00123","디자인/지식서비스","RELT_THEM00088","3","소분류","RELT_THEM00078"," ","RELT_THEM00088"," 산업/무역/공정거래 ","RELT_THEM00123"," 서비스업 "," > 산업/무역/공정거래 > 서비스업 > 디자인/지식서비스","Y","3"
"RELT_THEM00240","유통물류","RELT_THEM00088","3","소분류","RELT_THEM00078"," ","RELT_THEM00088"," 산업/무역/공정거래 ","RELT_THEM00240"," 서비스업 "," > 산업/무역/공정거래 > 서비스업 > 유통물류","Y","2"
"RELT_THEM00243","서비스일반","RELT_THEM00088","3","소분류","RELT_THEM00078"," ","RELT_THEM00088"," 산업/무역/공정거래 ","RELT_THEM00243"," 서비스업 "," > 산업/무역/공정거래 > 서비스업 > 서비스일반","Y","1"
"RELT_THEM00089","기업일반","RELT_THEM00078","2","중분류","RELT_THEM00078"," ","RELT_THEM00089"," 산업/무역/공정거래 ",," 기업일반"," > 산업/무역/공정거래 > 기업일반","Y","4"
"RELT_THEM00124","기업정책","RELT_THEM00089","3","소분류","RELT_THEM00078"," ","RELT_THEM00089"," 산업/무역/공정거래 ","RELT_THEM00124"," 기업일반 "," > 산업/무역/공정거래 > 기업일반 > 기업정책","Y","1"
"RELT_THEM00090","중소벤처기업","RELT_THEM00078","2","중분류","RELT_THEM00078"," ","RELT_THEM00090"," 산업/무역/공정거래 ",," 중소벤처기업"," > 산업/무역/공정거래 > 중소벤처기업","Y","5"
"RELT_THEM00125","중소기업","RELT_THEM00090","3","소분류","RELT_THEM00078"," ","RELT_THEM00090"," 산업/무역/공정거래 ","RELT_THEM00125"," 중소벤처기업 "," > 산업/무역/공정거래 > 중소벤처기업 > 중소기업","Y","1"
"RELT_THEM00126","창업벤처","RELT_THEM00090","3","소분류","RELT_THEM00078"," ","RELT_THEM00090"," 산업/무역/공정거래 ","RELT_THEM00126"," 중소벤처기업 "," > 산업/무역/공정거래 > 중소벤처기업 > 창업벤처","Y","2"
"RELT_THEM00127","소상공인","RELT_THEM00090","3","소분류","RELT_THEM00078"," ","RELT_THEM00090"," 산업/무역/공정거래 ","RELT_THEM00127"," 중소벤처기업 "," > 산업/무역/공정거래 > 중소벤처기업 > 소상공인","Y","3"
"RELT_THEM00314","중소기업관련법","RELT_THEM00090","3","소분류","RELT_THEM00078"," ","RELT_THEM00090"," 산업/무역/공정거래 ","RELT_THEM00314"," 중소벤처기업 "," > 산업/무역/공정거래 > 중소벤처기업 > 중소기업관련법","N","4"
"RELT_THEM00315","창업벤처관련법","RELT_THEM00090","3","소분류","RELT_THEM00078"," ","RELT_THEM00090"," 산업/무역/공정거래 ","RELT_THEM00315"," 중소벤처기업 "," > 산업/무역/공정거래 > 중소벤처기업 > 창업벤처관련법","N","5"
"RELT_THEM00316","소상공인관련법","RELT_THEM00090","3","소분류","RELT_THEM00078"," ","RELT_THEM00090"," 산업/무역/공정거래 ","RELT_THEM00316"," 중소벤처기업 "," > 산업/무역/공정거래 > 중소벤처기업 > 소상공인관련법","N","6"
"RELT_THEM00091","무역일반","RELT_THEM00078","2","중분류","RELT_THEM00078"," ","RELT_THEM00091"," 산업/무역/공정거래 ",," 무역일반"," > 산업/무역/공정거래 > 무역일반","Y","6"
"RELT_THEM00129","수출입·통상","RELT_THEM00091","3","소분류","RELT_THEM00078"," ","RELT_THEM00091"," 산업/무역/공정거래 ","RELT_THEM00129"," 무역일반 "," > 산업/무역/공정거래 > 무역일반 > 수출입·통상","Y","1"
"RELT_THEM00092","무역투자","RELT_THEM00078","2","중분류","RELT_THEM00078"," ","RELT_THEM00092"," 산업/무역/공정거래 ",," 무역투자"," > 산업/무역/공정거래 > 무역투자","Y","7"
"RELT_THEM00130","해외투자","RELT_THEM00092","3","소분류","RELT_THEM00078"," ","RELT_THEM00092"," 산업/무역/공정거래 ","RELT_THEM00130"," 무역투자 "," > 산업/무역/공정거래 > 무역투자 > 해외투자","Y","1"
"RELT_THEM00253","외국인투자","RELT_THEM00092","3","소분류","RELT_THEM00078"," ","RELT_THEM00092"," 산업/무역/공정거래 ","RELT_THEM00253"," 무역투자 "," > 산업/무역/공정거래 > 무역투자 > 외국인투자","Y","2"
"RELT_THEM00093","FTA","RELT_THEM00078","2","중분류","RELT_THEM00078"," ","RELT_THEM00093"," 산업/무역/공정거래 ",," FTA"," > 산업/무역/공정거래 > FTA","Y","8"
"RELT_THEM00131","미주","RELT_THEM00093","3","소분류","RELT_THEM00078"," ","RELT_THEM00093"," 산업/무역/공정거래 ","RELT_THEM00131"," FTA "," > 산업/무역/공정거래 > FTA > 미주","Y","1"
"RELT_THEM00133","유럽아시아 등","RELT_THEM00093","3","소분류","RELT_THEM00078"," ","RELT_THEM00093"," 산업/무역/공정거래 ","RELT_THEM00133"," FTA "," > 산업/무역/공정거래 > FTA > 유럽아시아 등","Y","3"
"RELT_THEM00094","공정거래","RELT_THEM00078","2","중분류","RELT_THEM00078"," ","RELT_THEM00094"," 산업/무역/공정거래 ",," 공정거래"," > 산업/무역/공정거래 > 공정거래","Y","9"
"RELT_THEM00135","공정정책","RELT_THEM00094","3","소분류","RELT_THEM00078"," ","RELT_THEM00094"," 산업/무역/공정거래 ","RELT_THEM00135"," 공정거래 "," > 산업/무역/공정거래 > 공정거래 > 공정정책","Y","1"
"RELT_THEM00136","경쟁","RELT_THEM00094","3","소분류","RELT_THEM00078"," ","RELT_THEM00094"," 산업/무역/공정거래 ","RELT_THEM00136"," 공정거래 "," > 산업/무역/공정거래 > 공정거래 > 경쟁","Y","2"
"RELT_THEM00137","기업거래","RELT_THEM00094","3","소분류","RELT_THEM00078"," ","RELT_THEM00094"," 산업/무역/공정거래 ","RELT_THEM00137"," 공정거래 "," > 산업/무역/공정거래 > 공정거래 > 기업거래","Y","3"
"RELT_THEM00138","소비자보호","RELT_THEM00094","3","소분류","RELT_THEM00078"," ","RELT_THEM00094"," 산업/무역/공정거래 ","RELT_THEM00138"," 공정거래 "," > 산업/무역/공정거래 > 공정거래 > 소비자보호","Y","4"
"RELT_THEM00292","경쟁관련법&#40;사용X&#41;","RELT_THEM00094","3","소분류","RELT_THEM00078"," ","RELT_THEM00094"," 산업/무역/공정거래 ","RELT_THEM00292"," 공정거래 "," > 산업/무역/공정거래 > 공정거래 > 경쟁관련법&#40;사용X&#41;","N","5"
"RELT_THEM00293","기업거래관련법&#40;사용X&#41;","RELT_THEM00094","3","소분류","RELT_THEM00078"," ","RELT_THEM00094"," 산업/무역/공정거래 ","RELT_THEM00293"," 공정거래 "," > 산업/무역/공정거래 > 공정거래 > 기업거래관련법&#40;사용X&#41;","N","6"
"RELT_THEM00294","소비자보호관련법&#40;사용X&#41;","RELT_THEM00094","3","소분류","RELT_THEM00078"," ","RELT_THEM00094"," 산업/무역/공정거래 ","RELT_THEM00294"," 공정거래 "," > 산업/무역/공정거래 > 공정거래 > 소비자보호관련법&#40;사용X&#41;","N","7"
"RELT_THEM00079","고용노동",,"1","대분류","RELT_THEM00079"," ",," 고용노동",,," > 고용노동","Y","6"
"RELT_THEM00095","고용노동일반","RELT_THEM00079","2","중분류","RELT_THEM00079"," ","RELT_THEM00095"," 고용노동 ",," 고용노동일반"," > 고용노동 > 고용노동일반","Y","1"
"RELT_THEM00200","고용노동정책","RELT_THEM00095","3","소분류","RELT_THEM00079"," ","RELT_THEM00095"," 고용노동 ","RELT_THEM00200"," 고용노동일반 "," > 고용노동 > 고용노동일반 > 고용노동정책","Y","1"
"RELT_THEM00096","근로기준","RELT_THEM00079","2","중분류","RELT_THEM00079"," ","RELT_THEM00096"," 고용노동 ",," 근로기준"," > 고용노동 > 근로기준","Y","2"
"RELT_THEM00201","임금","RELT_THEM00096","3","소분류","RELT_THEM00079"," ","RELT_THEM00096"," 고용노동 ","RELT_THEM00201"," 근로기준 "," > 고용노동 > 근로기준 > 임금","Y","1"
"RELT_THEM00279","근로개선","RELT_THEM00096","3","소분류","RELT_THEM00079"," ","RELT_THEM00096"," 고용노동 ","RELT_THEM00279"," 근로기준 "," > 고용노동 > 근로기준 > 근로개선","Y","2"
"RELT_THEM00280","근로복지","RELT_THEM00096","3","소분류","RELT_THEM00079"," ","RELT_THEM00096"," 고용노동 ","RELT_THEM00280"," 근로기준 "," > 고용노동 > 근로기준 > 근로복지","Y","3"
"RELT_THEM00097","고용노동시장","RELT_THEM00079","2","중분류","RELT_THEM00079"," ","RELT_THEM00097"," 고용노동 ",," 고용노동시장"," > 고용노동 > 고용노동시장","Y","3"
"RELT_THEM00202","청년·여성","RELT_THEM00097","3","소분류","RELT_THEM00079"," ","RELT_THEM00097"," 고용노동 ","RELT_THEM00202"," 고용노동시장 "," > 고용노동 > 고용노동시장 > 청년·여성","Y","1"
"RELT_THEM00203","고령·장애인","RELT_THEM00097","3","소분류","RELT_THEM00079"," ","RELT_THEM00097"," 고용노동 ","RELT_THEM00203"," 고용노동시장 "," > 고용노동 > 고용노동시장 > 고령·장애인","Y","2"
"RELT_THEM00204","해외인력","RELT_THEM00097","3","소분류","RELT_THEM00079"," ","RELT_THEM00097"," 고용노동 ","RELT_THEM00204"," 고용노동시장 "," > 고용노동 > 고용노동시장 > 해외인력","Y","3"
"RELT_THEM00098","고용안전망","RELT_THEM00079","2","중분류","RELT_THEM00079"," ","RELT_THEM00098"," 고용노동 ",," 고용안전망"," > 고용노동 > 고용안전망","Y","4"
"RELT_THEM00205","고용보험","RELT_THEM00098","3","소분류","RELT_THEM00079"," ","RELT_THEM00098"," 고용노동 ","RELT_THEM00205"," 고용안전망 "," > 고용노동 > 고용안전망 > 고용보험","Y","1"
"RELT_THEM00206","퇴직연금","RELT_THEM00098","3","소분류","RELT_THEM00079"," ","RELT_THEM00098"," 고용노동 ","RELT_THEM00206"," 고용안전망 "," > 고용노동 > 고용안전망 > 퇴직연금","Y","2"
"RELT_THEM00099","직업능력개발","RELT_THEM00079","2","중분류","RELT_THEM00079"," ","RELT_THEM00099"," 고용노동 ",," 직업능력개발"," > 고용노동 > 직업능력개발","Y","5"
"RELT_THEM00207","직업능력개발","RELT_THEM00099","3","소분류","RELT_THEM00079"," ","RELT_THEM00099"," 고용노동 ","RELT_THEM00207"," 직업능력개발 "," > 고용노동 > 직업능력개발 > 직업능력개발","Y","1"
"RELT_THEM00100","노사관계","RELT_THEM00079","2","중분류","RELT_THEM00079"," ","RELT_THEM00100"," 고용노동 ",," 노사관계"," > 고용노동 > 노사관계","Y","6"
"RELT_THEM00208","노사관계","RELT_THEM00100","3","소분류","RELT_THEM00079"," ","RELT_THEM00100"," 고용노동 ","RELT_THEM00208"," 노사관계 "," > 고용노동 > 노사관계 > 노사관계","Y","1"
"RELT_THEM00101","산업안전","RELT_THEM00079","2","중분류","RELT_THEM00079"," ","RELT_THEM00101"," 고용노동 ",," 산업안전"," > 고용노동 > 산업안전","Y","7"
"RELT_THEM00210","산업안전","RELT_THEM00101","3","소분류","RELT_THEM00079"," ","RELT_THEM00101"," 고용노동 ","RELT_THEM00210"," 산업안전 "," > 고용노동 > 산업안전 > 산업안전","Y","1"
"RELT_THEM00308","고용노동관련법","RELT_THEM00079","2","중분류","RELT_THEM00079"," ","RELT_THEM00308"," 고용노동 ",," 고용노동관련법"," > 고용노동 > 고용노동관련법","N","8"
"RELT_THEM00309","근로기준법","RELT_THEM00308","3","소분류","RELT_THEM00079"," ","RELT_THEM00308"," 고용노동 ","RELT_THEM00309"," 고용노동관련법 "," > 고용노동 > 고용노동관련법 > 근로기준법","N","1"
"RELT_THEM00310","고용보험법","RELT_THEM00308","3","소분류","RELT_THEM00079"," ","RELT_THEM00308"," 고용노동 ","RELT_THEM00310"," 고용노동관련법 "," > 고용노동 > 고용노동관련법 > 고용보험법","N","2"
"RELT_THEM00311","최저임금법","RELT_THEM00308","3","소분류","RELT_THEM00079"," ","RELT_THEM00308"," 고용노동 ","RELT_THEM00311"," 고용노동관련법 "," > 고용노동 > 고용노동관련법 > 최저임금법","N","3"
"RELT_THEM00312","산업안전보건법","RELT_THEM00308","3","소분류","RELT_THEM00079"," ","RELT_THEM00308"," 고용노동 ","RELT_THEM00312"," 고용노동관련법 "," > 고용노동 > 고용노동관련법 > 산업안전보건법","N","4"
"RELT_THEM00313","산업재해보상보험법","RELT_THEM00308","3","소분류","RELT_THEM00079"," ","RELT_THEM00308"," 고용노동 ","RELT_THEM00313"," 고용노동관련법 "," > 고용노동 > 고용노동관련법 > 산업재해보상보험법","N","5"
"RELT_THEM00080","보건복지/교육",,"1","대분류","RELT_THEM00080"," ",," 보건복지/교육",,," > 보건복지/교육","Y","7"
"RELT_THEM00102","보건복지일반","RELT_THEM00080","2","중분류","RELT_THEM00080"," ","RELT_THEM00102"," 보건복지/교육 ",," 보건복지일반"," > 보건복지/교육 > 보건복지일반","Y","1"
"RELT_THEM00211","보건복지정책","RELT_THEM00102","3","소분류","RELT_THEM00080"," ","RELT_THEM00102"," 보건복지/교육 ","RELT_THEM00211"," 보건복지일반 "," > 보건복지/교육 > 보건복지일반 > 보건복지정책","Y","1"
"RELT_THEM00103","보건의료","RELT_THEM00080","2","중분류","RELT_THEM00080"," ","RELT_THEM00103"," 보건복지/교육 ",," 보건의료"," > 보건복지/교육 > 보건의료","Y","2"
"RELT_THEM00212","의료","RELT_THEM00103","3","소분류","RELT_THEM00080"," ","RELT_THEM00103"," 보건복지/교육 ","RELT_THEM00212"," 보건의료 "," > 보건복지/교육 > 보건의료 > 의료","Y","1"
"RELT_THEM00213","한의약","RELT_THEM00103","3","소분류","RELT_THEM00080"," ","RELT_THEM00103"," 보건복지/교육 ","RELT_THEM00213"," 보건의료 "," > 보건복지/교육 > 보건의료 > 한의약","Y","2"
"RELT_THEM00214","국민건강","RELT_THEM00103","3","소분류","RELT_THEM00080"," ","RELT_THEM00103"," 보건복지/교육 ","RELT_THEM00214"," 보건의료 "," > 보건복지/교육 > 보건의료 > 국민건강","Y","3"
"RELT_THEM00215","공공보건","RELT_THEM00103","3","소분류","RELT_THEM00080"," ","RELT_THEM00103"," 보건복지/교육 ","RELT_THEM00215"," 보건의료 "," > 보건복지/교육 > 보건의료 > 공공보건","Y","4"
"RELT_THEM00104","건강보험","RELT_THEM00080","2","중분류","RELT_THEM00080"," ","RELT_THEM00104"," 보건복지/교육 ",," 건강보험"," > 보건복지/교육 > 건강보험","Y","3"
"RELT_THEM00216","건강보험","RELT_THEM00104","3","소분류","RELT_THEM00080"," ","RELT_THEM00104"," 보건복지/교육 ","RELT_THEM00216"," 건강보험 "," > 보건복지/교육 > 건강보험 > 건강보험","Y","1"
"RELT_THEM00105","보건산업","RELT_THEM00080","2","중분류","RELT_THEM00080"," ","RELT_THEM00105"," 보건복지/교육 ",," 보건산업"," > 보건복지/교육 > 보건산업","Y","4"
"RELT_THEM00217","보건산업","RELT_THEM00105","3","소분류","RELT_THEM00080"," ","RELT_THEM00105"," 보건복지/교육 ","RELT_THEM00217"," 보건산업 "," > 보건복지/교육 > 보건산업 > 보건산업","Y","1"
"RELT_THEM00106","사회복지","RELT_THEM00080","2","중분류","RELT_THEM00080"," ","RELT_THEM00106"," 보건복지/교육 ",," 사회복지"," > 보건복지/교육 > 사회복지","Y","5"
"RELT_THEM00219","복지·서비스","RELT_THEM00106","3","소분류","RELT_THEM00080"," ","RELT_THEM00106"," 보건복지/교육 ","RELT_THEM00219"," 사회복지 "," > 보건복지/교육 > 사회복지 > 복지·서비스","Y","1"
"RELT_THEM00272","미사용","RELT_THEM00106","3","소분류","RELT_THEM00080"," ","RELT_THEM00106"," 보건복지/교육 ","RELT_THEM00272"," 사회복지 "," > 보건복지/교육 > 사회복지 > 미사용","N","2"
"RELT_THEM00107","장애인","RELT_THEM00080","2","중분류","RELT_THEM00080"," ","RELT_THEM00107"," 보건복지/교육 ",," 장애인"," > 보건복지/교육 > 장애인","Y","6"
"RELT_THEM00220","장애인","RELT_THEM00107","3","소분류","RELT_THEM00080"," ","RELT_THEM00107"," 보건복지/교육 ","RELT_THEM00220"," 장애인 "," > 보건복지/교육 > 장애인 > 장애인","Y","1"
"RELT_THEM00108","인구","RELT_THEM00080","2","중분류","RELT_THEM00080"," ","RELT_THEM00108"," 보건복지/교육 ",," 인구"," > 보건복지/교육 > 인구","Y","7"
"RELT_THEM00221","인구·출산","RELT_THEM00108","3","소분류","RELT_THEM00080"," ","RELT_THEM00108"," 보건복지/교육 ","RELT_THEM00221"," 인구 "," > 보건복지/교육 > 인구 > 인구·출산","Y","1"
"RELT_THEM00222","노인","RELT_THEM00108","3","소분류","RELT_THEM00080"," ","RELT_THEM00108"," 보건복지/교육 ","RELT_THEM00222"," 인구 "," > 보건복지/교육 > 인구 > 노인","Y","2"
"RELT_THEM00273","보육·아동","RELT_THEM00108","3","소분류","RELT_THEM00080"," ","RELT_THEM00108"," 보건복지/교육 ","RELT_THEM00273"," 인구 "," > 보건복지/교육 > 인구 > 보육·아동","Y","3"
"RELT_THEM00109","공적연금","RELT_THEM00080","2","중분류","RELT_THEM00080"," ","RELT_THEM00109"," 보건복지/교육 ",," 공적연금"," > 보건복지/교육 > 공적연금","Y","8"
"RELT_THEM00223","국민 ·기초연금","RELT_THEM00109","3","소분류","RELT_THEM00080"," ","RELT_THEM00109"," 보건복지/교육 ","RELT_THEM00223"," 공적연금 "," > 보건복지/교육 > 공적연금 > 국민 ·기초연금","Y","1"
"RELT_THEM00288","교육","RELT_THEM00080","2","중분류","RELT_THEM00080"," ","RELT_THEM00288"," 보건복지/교육 ",," 교육"," > 보건복지/교육 > 교육","Y","9"
"RELT_THEM00289","초중등교육","RELT_THEM00288","3","소분류","RELT_THEM00080"," ","RELT_THEM00288"," 보건복지/교육 ","RELT_THEM00289"," 교육 "," > 보건복지/교육 > 교육 > 초중등교육","Y","3"
"RELT_THEM00290","대학교육","RELT_THEM00288","3","소분류","RELT_THEM00080"," ","RELT_THEM00288"," 보건복지/교육 ","RELT_THEM00290"," 교육 "," > 보건복지/교육 > 교육 > 대학교육","Y","4"
"RELT_THEM00319","영유아교육","RELT_THEM00288","3","소분류","RELT_THEM00080"," ","RELT_THEM00288"," 보건복지/교육 ","RELT_THEM00319"," 교육 "," > 보건복지/교육 > 교육 > 영유아교육","Y","2"
"RELT_THEM00320","평생직업 교육&#40;사용X&#41;","RELT_THEM00288","3","소분류","RELT_THEM00080"," ","RELT_THEM00288"," 보건복지/교육 ","RELT_THEM00320"," 교육 "," > 보건복지/교육 > 교육 > 평생직업 교육&#40;사용X&#41;","N","5"
"RELT_THEM00321","교육인재 정책&#40;사용X&#41;","RELT_THEM00288","3","소분류","RELT_THEM00080"," ","RELT_THEM00288"," 보건복지/교육 ","RELT_THEM00321"," 교육 "," > 보건복지/교육 > 교육 > 교육인재 정책&#40;사용X&#41;","N","1"
"RELT_THEM00295","보건복지관련법&#40;사용X&#41;","RELT_THEM00080","2","중분류","RELT_THEM00080"," ","RELT_THEM00295"," 보건복지/교육 ",," 보건복지관련법&#40;사용X&#41;"," > 보건복지/교육 > 보건복지관련법&#40;사용X&#41;","N","10"
"RELT_THEM00296","국민연금법","RELT_THEM00295","3","소분류","RELT_THEM00080"," ","RELT_THEM00295"," 보건복지/교육 ","RELT_THEM00296"," 보건복지관련법&#40;사용X&#41; "," > 보건복지/교육 > 보건복지관련법&#40;사용X&#41; > 국민연금법","N","1"
"RELT_THEM00297","국민건강보험법","RELT_THEM00295","3","소분류","RELT_THEM00080"," ","RELT_THEM00295"," 보건복지/교육 ","RELT_THEM00297"," 보건복지관련법&#40;사용X&#41; "," > 보건복지/교육 > 보건복지관련법&#40;사용X&#41; > 국민건강보험법","N","2"
"RELT_THEM00298","감염법의예방및관리에관한법","RELT_THEM00295","3","소분류","RELT_THEM00080"," ","RELT_THEM00295"," 보건복지/교육 ","RELT_THEM00298"," 보건복지관련법&#40;사용X&#41; "," > 보건복지/교육 > 보건복지관련법&#40;사용X&#41; > 감염법의예방및관리에관한법","N","3"
"RELT_THEM00300","기초생활보장법","RELT_THEM00295","3","소분류","RELT_THEM00080"," ","RELT_THEM00295"," 보건복지/교육 ","RELT_THEM00300"," 보건복지관련법&#40;사용X&#41; "," > 보건복지/교육 > 보건복지관련법&#40;사용X&#41; > 기초생활보장법","N","2"
"RELT_THEM00301","영유아보육법","RELT_THEM00295","3","소분류","RELT_THEM00080"," ","RELT_THEM00295"," 보건복지/교육 ","RELT_THEM00301"," 보건복지관련법&#40;사용X&#41; "," > 보건복지/교육 > 보건복지관련법&#40;사용X&#41; > 영유아보육법","N","6"
"RELT_THEM00081","과학기술/정보통신",,"1","대분류","RELT_THEM00081"," ",," 과학기술/정보통신",,," > 과학기술/정보통신","Y","5"
"RELT_THEM00110","과학기술일반","RELT_THEM00081","2","중분류","RELT_THEM00081"," ","RELT_THEM00110"," 과학기술/정보통신 ",," 과학기술일반"," > 과학기술/정보통신 > 과학기술일반","Y","1"
"RELT_THEM00139","과학기술정책","RELT_THEM00110","3","소분류","RELT_THEM00081"," ","RELT_THEM00110"," 과학기술/정보통신 ","RELT_THEM00139"," 과학기술일반 "," > 과학기술/정보통신 > 과학기술일반 > 과학기술정책","Y","1"
"RELT_THEM00140","과학인재","RELT_THEM00110","3","소분류","RELT_THEM00081"," ","RELT_THEM00110"," 과학기술/정보통신 ","RELT_THEM00140"," 과학기술일반 "," > 과학기술/정보통신 > 과학기술일반 > 과학인재","Y","2"
"RELT_THEM00112","원천기술","RELT_THEM00081","2","중분류","RELT_THEM00081"," ","RELT_THEM00112"," 과학기술/정보통신 ",," 원천기술"," > 과학기술/정보통신 > 원천기술","Y","3"
"RELT_THEM00143","생명공학","RELT_THEM00112","3","소분류","RELT_THEM00081"," ","RELT_THEM00112"," 과학기술/정보통신 ","RELT_THEM00143"," 원천기술 "," > 과학기술/정보통신 > 원천기술 > 생명공학","Y","1"
"RELT_THEM00275","기후","RELT_THEM00112","3","소분류","RELT_THEM00081"," ","RELT_THEM00112"," 과학기술/정보통신 ","RELT_THEM00275"," 원천기술 "," > 과학기술/정보통신 > 원천기술 > 기후","Y","2"
"RELT_THEM00276","나노소재","RELT_THEM00112","3","소분류","RELT_THEM00081"," ","RELT_THEM00112"," 과학기술/정보통신 ","RELT_THEM00276"," 원천기술 "," > 과학기술/정보통신 > 원천기술 > 나노소재","Y","3"
"RELT_THEM00113","거대과학","RELT_THEM00081","2","중분류","RELT_THEM00081"," ","RELT_THEM00113"," 과학기술/정보통신 ",," 거대과학"," > 과학기술/정보통신 > 거대과학","Y","4"
"RELT_THEM00144","우주과학","RELT_THEM00113","3","소분류","RELT_THEM00081"," ","RELT_THEM00113"," 과학기술/정보통신 ","RELT_THEM00144"," 거대과학 "," > 과학기술/정보통신 > 거대과학 > 우주과학","Y","1"
"RELT_THEM00277","원자력개발","RELT_THEM00113","3","소분류","RELT_THEM00081"," ","RELT_THEM00113"," 과학기술/정보통신 ","RELT_THEM00277"," 거대과학 "," > 과학기술/정보통신 > 거대과학 > 원자력개발","Y","2"
"RELT_THEM00115","정보통신일반","RELT_THEM00081","2","중분류","RELT_THEM00081"," ","RELT_THEM00115"," 과학기술/정보통신 ",," 정보통신일반"," > 과학기술/정보통신 > 정보통신일반","Y","6"
"RELT_THEM00145","정보통신정책","RELT_THEM00115","3","소분류","RELT_THEM00081"," ","RELT_THEM00115"," 과학기술/정보통신 ","RELT_THEM00145"," 정보통신일반 "," > 과학기술/정보통신 > 정보통신일반 > 정보통신정책","Y","1"
"RELT_THEM00116","소프트웨어","RELT_THEM00081","2","중분류","RELT_THEM00081"," ","RELT_THEM00116"," 과학기술/정보통신 ",," 소프트웨어"," > 과학기술/정보통신 > 소프트웨어","Y","7"
"RELT_THEM00146","소프트웨어","RELT_THEM00116","3","소분류","RELT_THEM00081"," ","RELT_THEM00116"," 과학기술/정보통신 ","RELT_THEM00146"," 소프트웨어 "," > 과학기술/정보통신 > 소프트웨어 > 소프트웨어","Y","1"
"RELT_THEM00147","정보보호","RELT_THEM00116","3","소분류","RELT_THEM00081"," ","RELT_THEM00116"," 과학기술/정보통신 ","RELT_THEM00147"," 소프트웨어 "," > 과학기술/정보통신 > 소프트웨어 > 정보보호","Y","2"
"RELT_THEM00117","통신","RELT_THEM00081","2","중분류","RELT_THEM00081"," ","RELT_THEM00117"," 과학기술/정보통신 ",," 통신"," > 과학기술/정보통신 > 통신","Y","8"
"RELT_THEM00148","통신","RELT_THEM00117","3","소분류","RELT_THEM00081"," ","RELT_THEM00117"," 과학기술/정보통신 ","RELT_THEM00148"," 통신 "," > 과학기술/정보통신 > 통신 > 통신","Y","1"
"RELT_THEM00118","방송/전파","RELT_THEM00081","2","중분류","RELT_THEM00081"," ","RELT_THEM00118"," 과학기술/정보통신 ",," 방송/전파"," > 과학기술/정보통신 > 방송/전파","Y","9"
"RELT_THEM00149","방송","RELT_THEM00118","3","소분류","RELT_THEM00081"," ","RELT_THEM00118"," 과학기술/정보통신 ","RELT_THEM00149"," 방송/전파 "," > 과학기술/정보통신 > 방송/전파 > 방송","Y","1"
"RELT_THEM00150","전파","RELT_THEM00118","3","소분류","RELT_THEM00081"," ","RELT_THEM00118"," 과학기술/정보통신 ","RELT_THEM00150"," 방송/전파 "," > 과학기술/정보통신 > 방송/전파 > 전파","Y","2"
"RELT_THEM00119","정보융합","RELT_THEM00081","2","중분류","RELT_THEM00081"," ","RELT_THEM00119"," 과학기술/정보통신 ",," 정보융합"," > 과학기술/정보통신 > 정보융합","Y","10"
"RELT_THEM00151","인터넷융합","RELT_THEM00119","3","소분류","RELT_THEM00081"," ","RELT_THEM00119"," 과학기술/정보통신 ","RELT_THEM00151"," 정보융합 "," > 과학기술/정보통신 > 정보융합 > 인터넷융합","Y","1"
"RELT_THEM00082","환경/자원",,"1","대분류","RELT_THEM00082"," ",," 환경/자원",,," > 환경/자원","Y","8"
"RELT_THEM00175","환경일반","RELT_THEM00082","2","중분류","RELT_THEM00082"," ","RELT_THEM00175"," 환경/자원 ",," 환경일반"," > 환경/자원 > 환경일반","Y","1"
"RELT_THEM00176","환경정책","RELT_THEM00175","3","소분류","RELT_THEM00082"," ","RELT_THEM00175"," 환경/자원 ","RELT_THEM00176"," 환경일반 "," > 환경/자원 > 환경일반 > 환경정책","Y","1"
"RELT_THEM00278","환경산업","RELT_THEM00175","3","소분류","RELT_THEM00082"," ","RELT_THEM00175"," 환경/자원 ","RELT_THEM00278"," 환경일반 "," > 환경/자원 > 환경일반 > 환경산업","Y","2"
"RELT_THEM00177","대기환경관리","RELT_THEM00082","2","중분류","RELT_THEM00082"," ","RELT_THEM00177"," 환경/자원 ",," 대기환경관리"," > 환경/자원 > 대기환경관리","Y","2"
"RELT_THEM00179","대기환경","RELT_THEM00177","3","소분류","RELT_THEM00082"," ","RELT_THEM00177"," 환경/자원 ","RELT_THEM00179"," 대기환경관리 "," > 환경/자원 > 대기환경관리 > 대기환경","Y","2"
"RELT_THEM00180","기후변화","RELT_THEM00177","3","소분류","RELT_THEM00082"," ","RELT_THEM00177"," 환경/자원 ","RELT_THEM00180"," 대기환경관리 "," > 환경/자원 > 대기환경관리 > 기후변화","Y","3"
"RELT_THEM00181","물환경관리","RELT_THEM00082","2","중분류","RELT_THEM00082"," ","RELT_THEM00181"," 환경/자원 ",," 물환경관리"," > 환경/자원 > 물환경관리","Y","3"
"RELT_THEM00182","수질환경","RELT_THEM00181","3","소분류","RELT_THEM00082"," ","RELT_THEM00181"," 환경/자원 ","RELT_THEM00182"," 물환경관리 "," > 환경/자원 > 물환경관리 > 수질환경","Y","1"
"RELT_THEM00183","상하수도","RELT_THEM00181","3","소분류","RELT_THEM00082"," ","RELT_THEM00181"," 환경/자원 ","RELT_THEM00183"," 물환경관리 "," > 환경/자원 > 물환경관리 > 상하수도","Y","2"
"RELT_THEM00260","수자원","RELT_THEM00181","3","소분류","RELT_THEM00082"," ","RELT_THEM00181"," 환경/자원 ","RELT_THEM00260"," 물환경관리 "," > 환경/자원 > 물환경관리 > 수자원","Y","3"
"RELT_THEM00184","자원순환","RELT_THEM00082","2","중분류","RELT_THEM00082"," ","RELT_THEM00184"," 환경/자원 ",," 자원순환"," > 환경/자원 > 자원순환","Y","4"
"RELT_THEM00185","폐기물","RELT_THEM00184","3","소분류","RELT_THEM00082"," ","RELT_THEM00184"," 환경/자원 ","RELT_THEM00185"," 자원순환 "," > 환경/자원 > 자원순환 > 폐기물","Y","1"
"RELT_THEM00186","재활용","RELT_THEM00184","3","소분류","RELT_THEM00082"," ","RELT_THEM00184"," 환경/자원 ","RELT_THEM00186"," 자원순환 "," > 환경/자원 > 자원순환 > 재활용","Y","2"
"RELT_THEM00187","자연환경","RELT_THEM00082","2","중분류","RELT_THEM00082"," ","RELT_THEM00187"," 환경/자원 ",," 자연환경"," > 환경/자원 > 자연환경","Y","5"
"RELT_THEM00188","자연보전","RELT_THEM00187","3","소분류","RELT_THEM00082"," ","RELT_THEM00187"," 환경/자원 ","RELT_THEM00188"," 자연환경 "," > 환경/자원 > 자연환경 > 자연보전","Y","1"
"RELT_THEM00261","동식물 보호","RELT_THEM00187","3","소분류","RELT_THEM00082"," ","RELT_THEM00187"," 환경/자원 ","RELT_THEM00261"," 자연환경 "," > 환경/자원 > 자연환경 > 동식물 보호","Y","2"
"RELT_THEM00262","환경영향평가","RELT_THEM00187","3","소분류","RELT_THEM00082"," ","RELT_THEM00187"," 환경/자원 ","RELT_THEM00262"," 자연환경 "," > 환경/자원 > 자연환경 > 환경영향평가","Y","3"
"RELT_THEM00189","환경보건","RELT_THEM00082","2","중분류","RELT_THEM00082"," ","RELT_THEM00189"," 환경/자원 ",," 환경보건"," > 환경/자원 > 환경보건","Y","6"
"RELT_THEM00190","생활환경","RELT_THEM00189","3","소분류","RELT_THEM00082"," ","RELT_THEM00189"," 환경/자원 ","RELT_THEM00190"," 환경보건 "," > 환경/자원 > 환경보건 > 생활환경","Y","1"
"RELT_THEM00263","화학물질관리","RELT_THEM00189","3","소분류","RELT_THEM00082"," ","RELT_THEM00189"," 환경/자원 ","RELT_THEM00263"," 환경보건 "," > 환경/자원 > 환경보건 > 화학물질관리","Y","2"
"RELT_THEM00195","에너지자원일반","RELT_THEM00082","2","중분류","RELT_THEM00082"," ","RELT_THEM00195"," 환경/자원 ",," 에너지자원일반"," > 환경/자원 > 에너지자원일반","Y","8"
"RELT_THEM00196","에너지자원계획","RELT_THEM00195","3","소분류","RELT_THEM00082"," ","RELT_THEM00195"," 환경/자원 ","RELT_THEM00196"," 에너지자원일반 "," > 환경/자원 > 에너지자원일반 > 에너지자원계획","Y","1"
"RELT_THEM00198","지하자원","RELT_THEM00082","2","중분류","RELT_THEM00082"," ","RELT_THEM00198"," 환경/자원 ",," 지하자원"," > 환경/자원 > 지하자원","Y","9"
"RELT_THEM00199","석탄석유가스","RELT_THEM00198","3","소분류","RELT_THEM00082"," ","RELT_THEM00198"," 환경/자원 ","RELT_THEM00199"," 지하자원 "," > 환경/자원 > 지하자원 > 석탄석유가스","Y","1"
"RELT_THEM00265","광물자원","RELT_THEM00198","3","소분류","RELT_THEM00082"," ","RELT_THEM00198"," 환경/자원 ","RELT_THEM00265"," 지하자원 "," > 환경/자원 > 지하자원 > 광물자원","Y","2"
"RELT_THEM00267","에너지","RELT_THEM00082","2","중분류","RELT_THEM00082"," ","RELT_THEM00267"," 환경/자원 ",," 에너지"," > 환경/자원 > 에너지","Y","10"
"RELT_THEM00268","전력","RELT_THEM00267","3","소분류","RELT_THEM00082"," ","RELT_THEM00267"," 환경/자원 ","RELT_THEM00268"," 에너지 "," > 환경/자원 > 에너지 > 전력","Y","1"
"RELT_THEM00269","원자력","RELT_THEM00267","3","소분류","RELT_THEM00082"," ","RELT_THEM00267"," 환경/자원 ","RELT_THEM00269"," 에너지 "," > 환경/자원 > 에너지 > 원자력","Y","2"
"RELT_THEM00274","신재생","RELT_THEM00267","3","소분류","RELT_THEM00082"," ","RELT_THEM00267"," 환경/자원 ","RELT_THEM00274"," 에너지 "," > 환경/자원 > 에너지 > 신재생","Y","3"
"RELT_THEM00303","환경관련법","RELT_THEM00082","2","중분류","RELT_THEM00082"," ","RELT_THEM00303"," 환경/자원 ",," 환경관련법"," > 환경/자원 > 환경관련법","N","6"
"RELT_THEM00304","대기환경보전법","RELT_THEM00303","3","소분류","RELT_THEM00082"," ","RELT_THEM00303"," 환경/자원 ","RELT_THEM00304"," 환경관련법 "," > 환경/자원 > 환경관련법 > 대기환경보전법","N","2"
"RELT_THEM00305","먹는물관리법","RELT_THEM00303","3","소분류","RELT_THEM00082"," ","RELT_THEM00303"," 환경/자원 ","RELT_THEM00305"," 환경관련법 "," > 환경/자원 > 환경관련법 > 먹는물관리법","N","3"
"RELT_THEM00306","폐기물관리법","RELT_THEM00303","3","소분류","RELT_THEM00082"," ","RELT_THEM00303"," 환경/자원 ","RELT_THEM00306"," 환경관련법 "," > 환경/자원 > 환경관련법 > 폐기물관리법","N","3"
"RELT_THEM00307","환경정책기본법","RELT_THEM00303","3","소분류","RELT_THEM00082"," ","RELT_THEM00303"," 환경/자원 ","RELT_THEM00307"," 환경관련법 "," > 환경/자원 > 환경관련법 > 환경정책기본법","N","1"
"RELT_THEM00317","배출권거래법","RELT_THEM00303","3","소분류","RELT_THEM00082"," ","RELT_THEM00303"," 환경/자원 ","RELT_THEM00317"," 환경관련법 "," > 환경/자원 > 환경관련법 > 배출권거래법","N","2"
"RELT_THEM00083","농축수산",,"1","대분류","RELT_THEM00083"," ",," 농축수산",,," > 농축수산","Y","9"
"RELT_THEM00225","농축수산식품일반","RELT_THEM00083","2","중분류","RELT_THEM00083"," ","RELT_THEM00225"," 농축수산 ",," 농축수산식품일반"," > 농축수산 > 농축수산식품일반","Y","1"
"RELT_THEM00226","농축수산식품정책","RELT_THEM00225","3","소분류","RELT_THEM00083"," ","RELT_THEM00225"," 농축수산 ","RELT_THEM00226"," 농축수산식품일반 "," > 농축수산 > 농축수산식품일반 > 농축수산식품정책","Y","1"
"RELT_THEM00283","농업통상","RELT_THEM00225","3","소분류","RELT_THEM00083"," ","RELT_THEM00225"," 농축수산 ","RELT_THEM00283"," 농축수산식품일반 "," > 농축수산 > 농축수산식품일반 > 농업통상","Y","2"
"RELT_THEM00284","농업인력육성","RELT_THEM00225","3","소분류","RELT_THEM00083"," ","RELT_THEM00225"," 농축수산 ","RELT_THEM00284"," 농축수산식품일반 "," > 농축수산 > 농축수산식품일반 > 농업인력육성","Y","3"
"RELT_THEM00227","농림업","RELT_THEM00083","2","중분류","RELT_THEM00083"," ","RELT_THEM00227"," 농축수산 ",," 농림업"," > 농축수산 > 농림업","Y","2"
"RELT_THEM00228","농업·유통","RELT_THEM00227","3","소분류","RELT_THEM00083"," ","RELT_THEM00227"," 농축수산 ","RELT_THEM00228"," 농림업 "," > 농축수산 > 농림업 > 농업·유통","Y","1"
"RELT_THEM00229","식량","RELT_THEM00227","3","소분류","RELT_THEM00083"," ","RELT_THEM00227"," 농축수산 ","RELT_THEM00229"," 농림업 "," > 농축수산 > 농림업 > 식량","Y","2"
"RELT_THEM00230","원예임업","RELT_THEM00227","3","소분류","RELT_THEM00083"," ","RELT_THEM00227"," 농축수산 ","RELT_THEM00230"," 농림업 "," > 농축수산 > 농림업 > 원예임업","Y","3"
"RELT_THEM00231","축산업","RELT_THEM00083","2","중분류","RELT_THEM00083"," ","RELT_THEM00231"," 농축수산 ",," 축산업"," > 농축수산 > 축산업","Y","3"
"RELT_THEM00232","축산·유통","RELT_THEM00231","3","소분류","RELT_THEM00083"," ","RELT_THEM00231"," 농축수산 ","RELT_THEM00232"," 축산업 "," > 농축수산 > 축산업 > 축산·유통","Y","1"
"RELT_THEM00233","방역","RELT_THEM00231","3","소분류","RELT_THEM00083"," ","RELT_THEM00231"," 농축수산 ","RELT_THEM00233"," 축산업 "," > 농축수산 > 축산업 > 방역","Y","2"
"RELT_THEM00234","수산업","RELT_THEM00083","2","중분류","RELT_THEM00083"," ","RELT_THEM00234"," 농축수산 ",," 수산업"," > 농축수산 > 수산업","Y","4"
"RELT_THEM00235","수산·유통","RELT_THEM00234","3","소분류","RELT_THEM00083"," ","RELT_THEM00234"," 농축수산 ","RELT_THEM00235"," 수산업 "," > 농축수산 > 수산업 > 수산·유통","Y","1"
"RELT_THEM00236","식품산업","RELT_THEM00083","2","중분류","RELT_THEM00083"," ","RELT_THEM00236"," 농축수산 ",," 식품산업"," > 농축수산 > 식품산업","Y","5"
"RELT_THEM00237","식품산업","RELT_THEM00236","3","소분류","RELT_THEM00083"," ","RELT_THEM00236"," 농축수산 ","RELT_THEM00237"," 식품산업 "," > 농축수산 > 식품산업 > 식품산업","Y","1"
"RELT_THEM00238","농어촌","RELT_THEM00083","2","중분류","RELT_THEM00083"," ","RELT_THEM00238"," 농축수산 ",," 농어촌"," > 농축수산 > 농어촌","Y","6"
"RELT_THEM00239","농어촌개발","RELT_THEM00238","3","소분류","RELT_THEM00083"," ","RELT_THEM00238"," 농축수산 ","RELT_THEM00239"," 농어촌 "," > 농축수산 > 농어촌 > 농어촌개발","Y","1"
"RELT_THEM00084","국토교통",,"1","대분류","RELT_THEM00084"," ",," 국토교통",,," > 국토교통","Y","4"
"RELT_THEM00152","국토일반","RELT_THEM00084","2","중분류","RELT_THEM00084"," ","RELT_THEM00152"," 국토교통 ",," 국토일반"," > 국토교통 > 국토일반","Y","1"
"RELT_THEM00162","국토계획","RELT_THEM00152","3","소분류","RELT_THEM00084"," ","RELT_THEM00152"," 국토교통 ","RELT_THEM00162"," 국토일반 "," > 국토교통 > 국토일반 > 국토계획","Y","1"
"RELT_THEM00244","지역국토","RELT_THEM00152","3","소분류","RELT_THEM00084"," ","RELT_THEM00152"," 국토교통 ","RELT_THEM00244"," 국토일반 "," > 국토교통 > 국토일반 > 지역국토","Y","2"
"RELT_THEM00245","산업입지","RELT_THEM00152","3","소분류","RELT_THEM00084"," ","RELT_THEM00152"," 국토교통 ","RELT_THEM00245"," 국토일반 "," > 국토교통 > 국토일반 > 산업입지","Y","3"
"RELT_THEM00246","국토정보","RELT_THEM00152","3","소분류","RELT_THEM00084"," ","RELT_THEM00152"," 국토교통 ","RELT_THEM00246"," 국토일반 "," > 국토교통 > 국토일반 > 국토정보","Y","4"
"RELT_THEM00153","도시·건축","RELT_THEM00084","2","중분류","RELT_THEM00084"," ","RELT_THEM00153"," 국토교통 ",," 도시·건축"," > 국토교통 > 도시·건축","Y","2"
"RELT_THEM00163","도시계획","RELT_THEM00153","3","소분류","RELT_THEM00084"," ","RELT_THEM00153"," 국토교통 ","RELT_THEM00163"," 도시·건축 "," > 국토교통 > 도시·건축 > 도시계획","Y","1"
"RELT_THEM00247","건축경관","RELT_THEM00153","3","소분류","RELT_THEM00084"," ","RELT_THEM00153"," 국토교통 ","RELT_THEM00247"," 도시·건축 "," > 국토교통 > 도시·건축 > 건축경관","Y","2"
"RELT_THEM00154","부동산","RELT_THEM00084","2","중분류","RELT_THEM00084"," ","RELT_THEM00154"," 국토교통 ",," 부동산"," > 국토교통 > 부동산","Y","3"
"RELT_THEM00164","주택시장","RELT_THEM00154","3","소분류","RELT_THEM00084"," ","RELT_THEM00154"," 국토교통 ","RELT_THEM00164"," 부동산 "," > 국토교통 > 부동산 > 주택시장","Y","2"
"RELT_THEM00248","토지","RELT_THEM00154","3","소분류","RELT_THEM00084"," ","RELT_THEM00154"," 국토교통 ","RELT_THEM00248"," 부동산 "," > 국토교통 > 부동산 > 토지","Y","4"
"RELT_THEM00254","노","RELT_THEM00154","3","소분류","RELT_THEM00084"," ","RELT_THEM00154"," 국토교통 ","RELT_THEM00254"," 부동산 "," > 국토교통 > 부동산 > 노","N","1"
"RELT_THEM00255","주거계획","RELT_THEM00154","3","소분류","RELT_THEM00084"," ","RELT_THEM00154"," 국토교통 ","RELT_THEM00255"," 부동산 "," > 국토교통 > 부동산 > 주거계획","Y","3"
"RELT_THEM00156","건설","RELT_THEM00084","2","중분류","RELT_THEM00084"," ","RELT_THEM00156"," 국토교통 ",," 건설"," > 국토교통 > 건설","Y","5"
"RELT_THEM00166","건설산업","RELT_THEM00156","3","소분류","RELT_THEM00084"," ","RELT_THEM00156"," 국토교통 ","RELT_THEM00166"," 건설 "," > 국토교통 > 건설 > 건설산업","Y","1"
"RELT_THEM00249","해외건설","RELT_THEM00156","3","소분류","RELT_THEM00084"," ","RELT_THEM00156"," 국토교통 ","RELT_THEM00249"," 건설 "," > 국토교통 > 건설 > 해외건설","Y","2"
"RELT_THEM00157","교통물류일반","RELT_THEM00084","2","중분류","RELT_THEM00084"," ","RELT_THEM00157"," 국토교통 ",," 교통물류일반"," > 국토교통 > 교통물류일반","Y","6"
"RELT_THEM00167","교통계획","RELT_THEM00157","3","소분류","RELT_THEM00084"," ","RELT_THEM00157"," 국토교통 ","RELT_THEM00167"," 교통물류일반 "," > 국토교통 > 교통물류일반 > 교통계획","Y","1"
"RELT_THEM00168","교통물류","RELT_THEM00157","3","소분류","RELT_THEM00084"," ","RELT_THEM00157"," 국토교통 ","RELT_THEM00168"," 교통물류일반 "," > 국토교통 > 교통물류일반 > 교통물류","Y","2"
"RELT_THEM00158","도로","RELT_THEM00084","2","중분류","RELT_THEM00084"," ","RELT_THEM00158"," 국토교통 ",," 도로"," > 국토교통 > 도로","Y","7"
"RELT_THEM00169","도로건설","RELT_THEM00158","3","소분류","RELT_THEM00084"," ","RELT_THEM00158"," 국토교통 ","RELT_THEM00169"," 도로 "," > 국토교통 > 도로 > 도로건설","Y","1"
"RELT_THEM00170","도로운영","RELT_THEM00158","3","소분류","RELT_THEM00084"," ","RELT_THEM00158"," 국토교통 ","RELT_THEM00170"," 도로 "," > 국토교통 > 도로 > 도로운영","Y","2"
"RELT_THEM00251","교통수단","RELT_THEM00158","3","소분류","RELT_THEM00084"," ","RELT_THEM00158"," 국토교통 ","RELT_THEM00251"," 도로 "," > 국토교통 > 도로 > 교통수단","Y","3"
"RELT_THEM00159","철도","RELT_THEM00084","2","중분류","RELT_THEM00084"," ","RELT_THEM00159"," 국토교통 ",," 철도"," > 국토교통 > 철도","Y","8"
"RELT_THEM00171","간선철도","RELT_THEM00159","3","소분류","RELT_THEM00084"," ","RELT_THEM00159"," 국토교통 ","RELT_THEM00171"," 철도 "," > 국토교통 > 철도 > 간선철도","Y","1"
"RELT_THEM00252","도시철도","RELT_THEM00159","3","소분류","RELT_THEM00084"," ","RELT_THEM00159"," 국토교통 ","RELT_THEM00252"," 철도 "," > 국토교통 > 철도 > 도시철도","Y","2"
"RELT_THEM00160","항공","RELT_THEM00084","2","중분류","RELT_THEM00084"," ","RELT_THEM00160"," 국토교통 ",," 항공"," > 국토교통 > 항공","Y","9"
"RELT_THEM00172","항공교통","RELT_THEM00160","3","소분류","RELT_THEM00084"," ","RELT_THEM00160"," 국토교통 ","RELT_THEM00172"," 항공 "," > 국토교통 > 항공 > 항공교통","Y","1"
"RELT_THEM00173","공항개발","RELT_THEM00160","3","소분류","RELT_THEM00084"," ","RELT_THEM00160"," 국토교통 ","RELT_THEM00173"," 항공 "," > 국토교통 > 항공 > 공항개발","Y","2"
"RELT_THEM00257","해운","RELT_THEM00084","2","중분류","RELT_THEM00084"," ","RELT_THEM00257"," 국토교통 ",," 해운"," > 국토교통 > 해운","Y","11"
"RELT_THEM00258","해운","RELT_THEM00257","3","소분류","RELT_THEM00084"," ","RELT_THEM00257"," 국토교통 ","RELT_THEM00258"," 해운 "," > 국토교통 > 해운 > 해운","Y","1"
"RELT_THEM00259","항만개발","RELT_THEM00257","3","소분류","RELT_THEM00084"," ","RELT_THEM00257"," 국토교통 ","RELT_THEM00259"," 해운 "," > 국토교통 > 해운 > 항만개발","Y","2"
"RELT_THEM00322","TEST",,"1","대분류","RELT_THEM00322"," ",," TEST",,," > TEST","N","10"
"RELT_THEM00323","TEST1","RELT_THEM00322","2","중분류","RELT_THEM00322"," ","RELT_THEM00323"," TEST ",," TEST1"," > TEST > TEST1","N","1"
"RELT_THEM00324","TEST2","RELT_THEM00323","3","소분류","RELT_THEM00322"," ","RELT_THEM00323"," TEST ","RELT_THEM00324"," TEST1 "," > TEST > TEST1 > TEST2","N","1"
